idna_subject,checker_type,destination,source,tested_at,session_id
102.112.2o7.net,AVAILABILITY,domains.list,domains.list,2026-09-30 10:01:37.590327+00:00,fb76b822ac6030cfe8ced1c2
102.122.2o7.net,AVAILABILITY,domains.list,domains.list,2026-09-30 10:01:37.860020+00:00,fb76b822ac6030cfe8ced1c2
10xhellometro.112.2o7.net,AVAILABILITY,domains.list,domains.list,2026-09-30 10:01:38.144591+00:00,fb76b822ac6030cfe8ced1c2
10xonegreatfamily.112.2o7.net,AVAILABILITY,domains.list,domains.list,2026-09-30 10:01:38.306920+00:00,fb76b822ac6030cfe8ced1c2
1105governmentinformationgroup.122.2o7.net,AVAILABILITY,domains.list,domains.list,2026-09-30 10:01:38.526390+00:00,fb76b822ac6030cfe8ced1c2
112.2o7.net,AVAILABILITY,domains.list,domains.list,2026-09-30 10:01:38.666940+00:00,fb76b822ac6030cfe8ced1c2
122.2o7.net,AVAILABILITY,domains.list,domains.list,2026-09-30 10:01:38.805789+00:00,fb76b822ac6030cfe8ced1c2
192.168.112.2o7.net,AVAILABILITY,domains.list,domains.list,2026-09-30 10:01:39.002948+00:00,fb76b822ac6030cfe8ced1c2
192.168.122.2o7.net,AVAILABILITY,domains.list,domains.list,2026-09-30 10:01:39.283111+00:00,fb76b822ac6030cfe8ced1c2
1stcentral1stcentralinsurancestaging.112.2o7.net,AVAILABILITY,domains.list,domains.list,2026-09-30 10:01:39.434487+00:00,fb76b822ac6030cfe8ced1c2
1stcentralinsurancelive.112.2o7.net,AVAILABILITY,domains.list,domains.list,2026-09-30 10:01:39.628523+00:00,fb76b822ac6030cfe8ced1c2
2o7.net,AVAILABILITY,domains.list,domains.list,2026-09-30 10:01:39.799025+00:00,fb76b822ac6030cfe8ced1c2
3gupload.112.2o7.net,AVAILABILITY,domains.list,domains.list,2026-09-30 10:01:39.999294+00:00,fb76b822ac6030cfe8ced1c2
4imprint.com.102.112.2o7.net,AVAILABILITY,domains.list,domains.list,2026-09-30 10:01:40.174338+00:00,fb76b822ac6030cfe8ced1c2
4imprintcom.112.2o7.net,AVAILABILITY,domains.list,domains.list,2026-09-30 10:01:40.371937+00:00,fb76b822ac6030cfe8ced1c2
4imprintdealoftheday.112.2o7.net,AVAILABILITY,domains.list,domains.list,2026-09-30 10:01:40.568819+00:00,fb76b822ac6030cfe8ced1c2
a2aprodesntls.112.2o7.net,AVAILABILITY,domains.list,domains.list,2026-09-30 10:01:40.766822+00:00,fb76b822ac6030cfe8ced1c2
a64lmglobal.112.2o7.net,AVAILABILITY,domains.list,domains.list,2026-09-30 10:01:40.963208+00:00,fb76b822ac6030cfe8ced1c2
aa-metrics.aircard.jp,AVAILABILITY,domains.list,domains.list,2026-09-30 10:01:41.493269+00:00,fb76b822ac6030cfe8ced1c2
aa-metrics.airpayment.jp,AVAILABILITY,domains.list,domains.list,2026-09-30 10:01:42.131048+00:00,fb76b822ac6030cfe8ced1c2
aa-metrics.airregi.jp,AVAILABILITY,domains.list,domains.list,2026-09-30 10:01:42.717789+00:00,fb76b822ac6030cfe8ced1c2
aa-metrics.airreserve.net,AVAILABILITY,domains.list,domains.list,2026-09-30 10:01:43.693472+00:00,fb76b822ac6030cfe8ced1c2
aa-metrics.airrsv.net,AVAILABILITY,domains.list,domains.list,2026-09-30 10:01:44.091974+00:00,fb76b822ac6030cfe8ced1c2
aa-metrics.airwait.jp,AVAILABILITY,domains.list,domains.list,2026-09-30 10:01:45.372757+00:00,fb76b822ac6030cfe8ced1c2
aa-metrics.arg.x.recruit.co.jp,AVAILABILITY,domains.list,domains.list,2026-09-30 10:01:45.798703+00:00,fb76b822ac6030cfe8ced1c2
aa-metrics.beauty.hotpepper.jp,AVAILABILITY,domains.list,domains.list,2026-09-30 10:01:46.150537+00:00,fb76b822ac6030cfe8ced1c2
aa-metrics.bookingtable.jp,AVAILABILITY,domains.list,domains.list,2026-09-30 10:01:47.242062+00:00,fb76b822ac6030cfe8ced1c2
aa-metrics.golf-jalan.net,AVAILABILITY,domains.list,domains.list,2026-09-30 10:01:47.784193+00:00,fb76b822ac6030cfe8ced1c2
aa-metrics.handy.airregi.jp,AVAILABILITY,domains.list,domains.list,2026-09-30 10:01:48.446861+00:00,fb76b822ac6030cfe8ced1c2
aa-metrics.handy.arg.x.recruit.co.jp,AVAILABILITY,domains.list,domains.list,2026-09-30 10:01:49.486747+00:00,fb76b822ac6030cfe8ced1c2
aa-metrics.hokench.com,AVAILABILITY,domains.list,domains.list,2026-09-30 10:01:50.123668+00:00,fb76b822ac6030cfe8ced1c2
aa-metrics.hotpepper-gourmet.com,AVAILABILITY,domains.list,domains.list,2026-09-30 10:01:50.570639+00:00,fb76b822ac6030cfe8ced1c2
aa-metrics.hotpepper.jp,AVAILABILITY,domains.list,domains.list,2026-09-30 10:01:51.149850+00:00,fb76b822ac6030cfe8ced1c2
aa-metrics.jalan.net,AVAILABILITY,domains.list,domains.list,2026-09-30 10:01:51.644132+00:00,fb76b822ac6030cfe8ced1c2
aa-metrics.minterior.jp,AVAILABILITY,domains.list,domains.list,2026-09-30 10:01:52.409843+00:00,fb76b822ac6030cfe8ced1c2
aa-metrics.ponparemall.com,AVAILABILITY,domains.list,domains.list,2026-09-30 10:02:13.635872+00:00,fb76b822ac6030cfe8ced1c2
aa-metrics.recruit-card.jp,AVAILABILITY,domains.list,domains.list,2026-09-30 10:02:14.144318+00:00,fb76b822ac6030cfe8ced1c2
aa-metrics.restaurant-board.com,AVAILABILITY,domains.list,domains.list,2026-09-30 10:02:15.108948+00:00,fb76b822ac6030cfe8ced1c2
aa-metrics.salonboard.com,AVAILABILITY,domains.list,domains.list,2026-09-30 10:02:15.610911+00:00,fb76b822ac6030cfe8ced1c2
aa-metrics.tabroom.jp,AVAILABILITY,domains.list,domains.list,2026-09-30 10:02:16.564694+00:00,fb76b822ac6030cfe8ced1c2
aaassciencemag.112.2o7.net,AVAILABILITY,domains.list,domains.list,2026-09-30 10:02:16.761673+00:00,fb76b822ac6030cfe8ced1c2
aafp.org.102.122.2o7.net,AVAILABILITY,domains.list,domains.list,2026-09-30 10:02:16.966407+00:00,fb76b822ac6030cfe8ced1c2
aametrics.aktia.fi,AVAILABILITY,domains.list,domains.list,2026-09-30 10:02:17.502744+00:00,fb76b822ac6030cfe8ced1c2
aanalytics.adelaide.edu.au,AVAILABILITY,domains.list,domains.list,2026-09-30 10:02:18.261235+00:00,fb76b822ac6030cfe8ced1c2
aaplepglobal.112.2o7.net,AVAILABILITY,domains.list,domains.list,2026-09-30 10:02:18.401771+00:00,fb76b822ac6030cfe8ced1c2
aarp.122.2o7.net,AVAILABILITY,domains.list,domains.list,2026-09-30 10:02:18.655498+00:00,fb76b822ac6030cfe8ced1c2
aarpglobal.112.2o7.net,AVAILABILITY,domains.list,domains.list,2026-09-30 10:02:18.855707+00:00,fb76b822ac6030cfe8ced1c2
aavacations.com.102.112.2o7.net,AVAILABILITY,domains.list,domains.list,2026-09-30 10:02:19.066849+00:00,fb76b822ac6030cfe8ced1c2
abbottlabs.112.2o7.net,AVAILABILITY,domains.list,domains.list,2026-09-30 10:02:19.264809+00:00,fb76b822ac6030cfe8ced1c2
abbottnutrition.com.102.112.2o7.net,AVAILABILITY,domains.list,domains.list,2026-09-30 10:02:19.404501+00:00,fb76b822ac6030cfe8ced1c2
abprod.112.2o7.net,AVAILABILITY,domains.list,domains.list,2026-09-30 10:02:19.550197+00:00,fb76b822ac6030cfe8ced1c2
accelerategsprod.112.2o7.net,AVAILABILITY,domains.list,domains.list,2026-09-30 10:02:19.690545+00:00,fb76b822ac6030cfe8ced1c2
acckalaharinet.112.2o7.net,AVAILABILITY,domains.list,domains.list,2026-09-30 10:02:19.966261+00:00,fb76b822ac6030cfe8ced1c2
acemetrics.aaa.com,AVAILABILITY,domains.list,domains.list,2026-09-30 10:02:20.352624+00:00,fb76b822ac6030cfe8ced1c2
acpmagazines.112.2o7.net,AVAILABILITY,domains.list,domains.list,2026-09-30 10:02:20.554560+00:00,fb76b822ac6030cfe8ced1c2
actforvictoryorg.112.2o7.net,AVAILABILITY,domains.list,domains.list,2026-09-30 10:02:20.711648+00:00,fb76b822ac6030cfe8ced1c2
active.com.102.122.2o7.net,AVAILABILITY,domains.list,domains.list,2026-09-30 10:02:20.887932+00:00,fb76b822ac6030cfe8ced1c2
activecampaignsubsdev.112.2o7.net,AVAILABILITY,domains.list,domains.list,2026-09-30 10:02:21.081583+00:00,fb76b822ac6030cfe8ced1c2
actontv.122.2o7.net,AVAILABILITY,domains.list,domains.list,2026-09-30 10:02:21.277152+00:00,fb76b822ac6030cfe8ced1c2
acutsprod.112.2o7.net,AVAILABILITY,domains.list,domains.list,2026-09-30 10:02:21.478134+00:00,fb76b822ac6030cfe8ced1c2
adb-analytics.live-now.com,AVAILABILITY,domains.list,domains.list,2026-09-30 10:02:22.046025+00:00,fb76b822ac6030cfe8ced1c2
adbemdigitalmediarebootprod2.112.2o7.net,AVAILABILITY,domains.list,domains.list,2026-09-30 10:02:22.184848+00:00,fb76b822ac6030cfe8ced1c2
adbmetrics.blogasturias.com,AVAILABILITY,domains.list,domains.list,2026-09-30 10:02:22.666624+00:00,fb76b822ac6030cfe8ced1c2
adbmetrics.canarias7.es,AVAILABILITY,domains.list,domains.list,2026-09-30 10:02:23.159366+00:00,fb76b822ac6030cfe8ced1c2
adbmetrics.elcomercio.es,AVAILABILITY,domains.list,domains.list,2026-09-30 10:02:23.537843+00:00,fb76b822ac6030cfe8ced1c2
adbmetrics.eldiariomontanes.es,AVAILABILITY,domains.list,domains.list,2026-09-30 10:02:23.917329+00:00,fb76b822ac6030cfe8ced1c2
adbmetrics.elnortedecastilla.es,AVAILABILITY,domains.list,domains.list,2026-09-30 10:02:24.394303+00:00,fb76b822ac6030cfe8ced1c2
adbmetrics.hyundai.com,AVAILABILITY,domains.list,domains.list,2026-09-30 10:02:24.759754+00:00,fb76b822ac6030cfe8ced1c2
adbmetrics.ideal.es,AVAILABILITY,domains.list,domains.list,2026-09-30 10:02:25.095982+00:00,fb76b822ac6030cfe8ced1c2
adbmetrics.larioja.com,AVAILABILITY,domains.list,domains.list,2026-09-30 10:02:25.372033+00:00,fb76b822ac6030cfe8ced1c2
adbmetrics.laverdad.es,AVAILABILITY,domains.list,domains.list,2026-09-30 10:02:25.540037+00:00,fb76b822ac6030cfe8ced1c2
adbmetrics.masterelcorreo.com,AVAILABILITY,domains.list,domains.list,2026-09-30 10:02:25.979092+00:00,fb76b822ac6030cfe8ced1c2
adbmetrics.miperiodicodigital.com,AVAILABILITY,domains.list,domains.list,2026-09-30 10:02:26.230960+00:00,fb76b822ac6030cfe8ced1c2
adbmetrics.vehiculosdeocasion.eus,AVAILABILITY,domains.list,domains.list,2026-09-30 10:02:26.728978+00:00,fb76b822ac6030cfe8ced1c2
adbmetrics.womennow.es,AVAILABILITY,domains.list,domains.list,2026-09-30 10:02:27.156443+00:00,fb76b822ac6030cfe8ced1c2
adbmetrics.xn--futuroenespaol-1nb.es,AVAILABILITY,domains.list,domains.list,2026-09-30 10:02:27.363474+00:00,fb76b822ac6030cfe8ced1c2
adbrite.122.2o7.net,AVAILABILITY,domains.list,domains.list,2026-09-30 10:02:27.532708+00:00,fb76b822ac6030cfe8ced1c2
adbsmetrics.ep.hmc.co.kr,AVAILABILITY,domains.list,domains.list,2026-09-30 10:02:29.147091+00:00,fb76b822ac6030cfe8ced1c2
adbsmetrics.genesis.com,AVAILABILITY,domains.list,domains.list,2026-09-30 10:02:30.117596+00:00,fb76b822ac6030cfe8ced1c2
adbsmetrics.hyundai.com,AVAILABILITY,domains.list,domains.list,2026-09-30 10:02:30.854734+00:00,fb76b822ac6030cfe8ced1c2
adbsmetrics.kia.com,AVAILABILITY,domains.list,domains.list,2026-09-30 10:02:32.327151+00:00,fb76b822ac6030cfe8ced1c2
adbsmetrics.koreanair.com,AVAILABILITY,domains.list,domains.list,2026-09-30 10:02:32.689880+00:00,fb76b822ac6030cfe8ced1c2
adbsmetrics.kt.com,AVAILABILITY,domains.list,domains.list,2026-09-30 10:02:34.079232+00:00,fb76b822ac6030cfe8ced1c2
adbsmetrics.lotterentacar.net,AVAILABILITY,domains.list,domains.list,2026-09-30 10:02:35.322366+00:00,fb76b822ac6030cfe8ced1c2
adobe.112.2o7.net,AVAILABILITY,domains.list,domains.list,2026-09-30 10:02:35.517495+00:00,fb76b822ac6030cfe8ced1c2
adobe.com.102.112.2o7.net,AVAILABILITY,domains.list,domains.list,2026-09-30 10:02:35.719987+00:00,fb76b822ac6030cfe8ced1c2
adobeanalytics-https.hds.com,AVAILABILITY,domains.list,domains.list,2026-09-30 10:02:36.122528+00:00,fb76b822ac6030cfe8ced1c2
adobeanalytics-secure.girlscouts.org,AVAILABILITY,domains.list,domains.list,2026-09-30 10:02:37.896364+00:00,fb76b822ac6030cfe8ced1c2
adobeanalytics.actalentservices.com,AVAILABILITY,domains.list,domains.list,2026-09-30 10:02:38.272246+00:00,fb76b822ac6030cfe8ced1c2
adobeanalytics.aerotek.com,AVAILABILITY,domains.list,domains.list,2026-09-30 10:02:38.679552+00:00,fb76b822ac6030cfe8ced1c2
adobeanalytics.allegis-partners.com,AVAILABILITY,domains.list,domains.list,2026-09-30 10:02:39.270656+00:00,fb76b822ac6030cfe8ced1c2
adobeanalytics.allegisglobalsolutions.com,AVAILABILITY,domains.list,domains.list,2026-09-30 10:02:39.895368+00:00,fb76b822ac6030cfe8ced1c2
adobeanalytics.allegisgroup.com,AVAILABILITY,domains.list,domains.list,2026-09-30 10:02:40.547693+00:00,fb76b822ac6030cfe8ced1c2
adobeanalytics.astoncarter.com,AVAILABILITY,domains.list,domains.list,2026-09-30 10:02:41.056180+00:00,fb76b822ac6030cfe8ced1c2
adobeanalytics.bws.com.au,AVAILABILITY,domains.list,domains.list,2026-09-30 10:02:41.300062+00:00,fb76b822ac6030cfe8ced1c2
adobeanalytics.danmurphys.com.au,AVAILABILITY,domains.list,domains.list,2026-09-30 10:02:41.628389+00:00,fb76b822ac6030cfe8ced1c2
adobeanalytics.easi.com,AVAILABILITY,domains.list,domains.list,2026-09-30 10:02:42.012868+00:00,fb76b822ac6030cfe8ced1c2
adobeanalytics.gettinghired.com,AVAILABILITY,domains.list,domains.list,2026-09-30 10:02:42.499223+00:00,fb76b822ac6030cfe8ced1c2
adobeanalytics.mlaglobal.com,AVAILABILITY,domains.list,domains.list,2026-09-30 10:02:43.046593+00:00,fb76b822ac6030cfe8ced1c2
adobeanalytics.populusgroup.com,AVAILABILITY,domains.list,domains.list,2026-09-30 10:02:43.486859+00:00,fb76b822ac6030cfe8ced1c2
adobeanalytics.serveone.co.kr,AVAILABILITY,domains.list,domains.list,2026-09-30 10:02:45.104958+00:00,fb76b822ac6030cfe8ced1c2
adobeanalytics.teksystems.com,AVAILABILITY,domains.list,domains.list,2026-09-30 10:02:45.442827+00:00,fb76b822ac6030cfe8ced1c2
adobemobile.112.2o7.net,AVAILABILITY,domains.list,domains.list,2026-09-30 10:02:45.583632+00:00,fb76b822ac6030cfe8ced1c2
adp.112.2o7.net,AVAILABILITY,domains.list,domains.list,2026-09-30 10:02:45.765731+00:00,fb76b822ac6030cfe8ced1c2
adpretirementservices.122.2o7.net,AVAILABILITY,domains.list,domains.list,2026-09-30 10:02:45.918517+00:00,fb76b822ac6030cfe8ced1c2
adtcomprod.112.2o7.net,AVAILABILITY,domains.list,domains.list,2026-09-30 10:02:46.060281+00:00,fb76b822ac6030cfe8ced1c2
adultswim.122.2o7.net,AVAILABILITY,domains.list,domains.list,2026-09-30 10:02:46.255187+00:00,fb76b822ac6030cfe8ced1c2
adultswim.com.102.122.2o7.net,AVAILABILITY,domains.list,domains.list,2026-09-30 10:02:46.451039+00:00,fb76b822ac6030cfe8ced1c2
advertisementnl.112.2o7.net,AVAILABILITY,domains.list,domains.list,2026-09-30 10:02:46.646055+00:00,fb76b822ac6030cfe8ced1c2
advertisingcom.122.2o7.net,AVAILABILITY,domains.list,domains.list,2026-09-30 10:02:46.843343+00:00,fb76b822ac6030cfe8ced1c2
adviggroupdailyfxrollup.112.2o7.net,AVAILABILITY,domains.list,domains.list,2026-09-30 10:02:47.040284+00:00,fb76b822ac6030cfe8ced1c2
adviggrouprollup.112.2o7.net,AVAILABILITY,domains.list,domains.list,2026-09-30 10:02:47.245494+00:00,fb76b822ac6030cfe8ced1c2
aeg.112.2o7.net,AVAILABILITY,domains.list,domains.list,2026-09-30 10:02:47.386367+00:00,fb76b822ac6030cfe8ced1c2
aehistory.112.2o7.net,AVAILABILITY,domains.list,domains.list,2026-09-30 10:02:47.528192+00:00,fb76b822ac6030cfe8ced1c2
aetnaaetnaprod2018.112.2o7.net,AVAILABILITY,domains.list,domains.list,2026-09-30 10:02:47.669917+00:00,fb76b822ac6030cfe8ced1c2
aetv.112.2o7.net,AVAILABILITY,domains.list,domains.list,2026-09-30 10:02:47.812459+00:00,fb76b822ac6030cfe8ced1c2
affargenus.112.2o7.net,AVAILABILITY,domains.list,domains.list,2026-09-30 10:02:47.952362+00:00,fb76b822ac6030cfe8ced1c2
affilcrtopcolle.112.2o7.net,AVAILABILITY,domains.list,domains.list,2026-09-30 10:02:48.093512+00:00,fb76b822ac6030cfe8ced1c2
agamgreetingscom.112.2o7.net,AVAILABILITY,domains.list,domains.list,2026-09-30 10:02:48.290449+00:00,fb76b822ac6030cfe8ced1c2
agbmcom.112.2o7.net,AVAILABILITY,domains.list,domains.list,2026-09-30 10:02:48.487392+00:00,fb76b822ac6030cfe8ced1c2
agegreetings.112.2o7.net,AVAILABILITY,domains.list,domains.list,2026-09-30 10:02:48.629718+00:00,fb76b822ac6030cfe8ced1c2
ageo1xxpnwherodigitaltraining.112.2o7.net,AVAILABILITY,domains.list,domains.list,2026-09-30 10:02:48.774679+00:00,fb76b822ac6030cfe8ced1c2
ageo1xxsinnorthstarhomepage.112.2o7.net,AVAILABILITY,domains.list,domains.list,2026-09-30 10:02:48.918682+00:00,fb76b822ac6030cfe8ced1c2
agmsnag.112.2o7.net,AVAILABILITY,domains.list,domains.list,2026-09-30 10:02:49.152979+00:00,fb76b822ac6030cfe8ced1c2
agnvbmaus.112.2o7.net,AVAILABILITY,domains.list,domains.list,2026-09-30 10:02:49.294527+00:00,fb76b822ac6030cfe8ced1c2
agwebshots.112.2o7.net,AVAILABILITY,domains.list,domains.list,2026-09-30 10:02:49.494248+00:00,fb76b822ac6030cfe8ced1c2
agyahooag.112.2o7.net,AVAILABILITY,domains.list,domains.list,2026-09-30 10:02:49.635203+00:00,fb76b822ac6030cfe8ced1c2
aiglifemicrositeprod.112.2o7.net,AVAILABILITY,domains.list,domains.list,2026-09-30 10:02:49.775876+00:00,fb76b822ac6030cfe8ced1c2
airchina.112.2o7.net,AVAILABILITY,domains.list,domains.list,2026-09-30 10:02:49.977295+00:00,fb76b822ac6030cfe8ced1c2
airmilesrewardprogram.112.2o7.net,AVAILABILITY,domains.list,domains.list,2026-09-30 10:02:50.119135+00:00,fb76b822ac6030cfe8ced1c2
aiservicenowintegprd.112.2o7.net,AVAILABILITY,domains.list,domains.list,2026-09-30 10:02:50.321582+00:00,fb76b822ac6030cfe8ced1c2
al-smetrics.vizio.com,AVAILABILITY,domains.list,domains.list,2026-09-30 10:02:50.687559+00:00,fb76b822ac6030cfe8ced1c2
albanytimesunion.122.2o7.net,AVAILABILITY,domains.list,domains.list,2026-09-30 10:02:50.889085+00:00,fb76b822ac6030cfe8ced1c2
aldisaldiieprod.112.2o7.net,AVAILABILITY,domains.list,domains.list,2026-09-30 10:02:51.033187+00:00,fb76b822ac6030cfe8ced1c2
aldisaldiukprod.112.2o7.net,AVAILABILITY,domains.list,domains.list,2026-09-30 10:02:51.238742+00:00,fb76b822ac6030cfe8ced1c2
algbdconsumerloyalty.112.2o7.net,AVAILABILITY,domains.list,domains.list,2026-09-30 10:02:51.384658+00:00,fb76b822ac6030cfe8ced1c2
algbotox.112.2o7.net,AVAILABILITY,domains.list,domains.list,2026-09-30 10:02:51.604235+00:00,fb76b822ac6030cfe8ced1c2
algfrance2007.112.2o7.net,AVAILABILITY,domains.list,domains.list,2026-09-30 10:02:51.745769+00:00,fb76b822ac6030cfe8ced1c2
algozurdex.112.2o7.net,AVAILABILITY,domains.list,domains.list,2026-09-30 10:02:51.886479+00:00,fb76b822ac6030cfe8ced1c2
algqusglobal.112.2o7.net,AVAILABILITY,domains.list,domains.list,2026-09-30 10:02:52.027467+00:00,fb76b822ac6030cfe8ced1c2
allbritton.122.2o7.net,AVAILABILITY,domains.list,domains.list,2026-09-30 10:02:52.172932+00:00,fb76b822ac6030cfe8ced1c2
allergan.112.2o7.net,AVAILABILITY,domains.list,domains.list,2026-09-30 10:02:52.371622+00:00,fb76b822ac6030cfe8ced1c2
allianceacdtmdev.112.2o7.net,AVAILABILITY,domains.list,domains.list,2026-09-30 10:02:52.566471+00:00,fb76b822ac6030cfe8ced1c2
allianceacglobal.112.2o7.net,AVAILABILITY,domains.list,domains.list,2026-09-30 10:02:52.710914+00:00,fb76b822ac6030cfe8ced1c2
alliancebernstein.122.2o7.net,AVAILABILITY,domains.list,domains.list,2026-09-30 10:02:52.854216+00:00,fb76b822ac6030cfe8ced1c2
alliancebreadfinancialinvestors.112.2o7.net,AVAILABILITY,domains.list,domains.list,2026-09-30 10:02:52.995837+00:00,fb76b822ac6030cfe8ced1c2
alliancedata.122.2o7.net,AVAILABILITY,domains.list,domains.list,2026-09-30 10:02:53.191469+00:00,fb76b822ac6030cfe8ced1c2
alliancefrictionless.112.2o7.net,AVAILABILITY,domains.list,domains.list,2026-09-30 10:02:53.387072+00:00,fb76b822ac6030cfe8ced1c2
allstate.122.2o7.net,AVAILABILITY,domains.list,domains.list,2026-09-30 10:02:53.582157+00:00,fb76b822ac6030cfe8ced1c2
amazdiaeprod.112.2o7.net,AVAILABILITY,domains.list,domains.list,2026-09-30 10:02:53.791487+00:00,fb76b822ac6030cfe8ced1c2
amazdiauprod.112.2o7.net,AVAILABILITY,domains.list,domains.list,2026-09-30 10:02:53.933133+00:00,fb76b822ac6030cfe8ced1c2
amazdibrprod.112.2o7.net,AVAILABILITY,domains.list,domains.list,2026-09-30 10:02:54.197534+00:00,fb76b822ac6030cfe8ced1c2
amazdicaprod.112.2o7.net,AVAILABILITY,domains.list,domains.list,2026-09-30 10:02:54.393742+00:00,fb76b822ac6030cfe8ced1c2
amazdideprod.112.2o7.net,AVAILABILITY,domains.list,domains.list,2026-09-30 10:02:54.589616+00:00,fb76b822ac6030cfe8ced1c2
amazdiesprod.112.2o7.net,AVAILABILITY,domains.list,domains.list,2026-09-30 10:02:54.783281+00:00,fb76b822ac6030cfe8ced1c2
amazdifrprod.112.2o7.net,AVAILABILITY,domains.list,domains.list,2026-09-30 10:02:54.978936+00:00,fb76b822ac6030cfe8ced1c2
amazdigbprod.112.2o7.net,AVAILABILITY,domains.list,domains.list,2026-09-30 10:02:55.159186+00:00,fb76b822ac6030cfe8ced1c2
amazdiinprod.112.2o7.net,AVAILABILITY,domains.list,domains.list,2026-09-30 10:02:55.300785+00:00,fb76b822ac6030cfe8ced1c2
amazdiitprod.112.2o7.net,AVAILABILITY,domains.list,domains.list,2026-09-30 10:02:55.499258+00:00,fb76b822ac6030cfe8ced1c2
amazdijpprod.112.2o7.net,AVAILABILITY,domains.list,domains.list,2026-09-30 10:02:55.696566+00:00,fb76b822ac6030cfe8ced1c2
amazdimxprod.112.2o7.net,AVAILABILITY,domains.list,domains.list,2026-09-30 10:02:55.893704+00:00,fb76b822ac6030cfe8ced1c2
amazdisaprod.112.2o7.net,AVAILABILITY,domains.list,domains.list,2026-09-30 10:02:56.095366+00:00,fb76b822ac6030cfe8ced1c2
amazditemplate.112.2o7.net,AVAILABILITY,domains.list,domains.list,2026-09-30 10:02:56.327204+00:00,fb76b822ac6030cfe8ced1c2
amazdiusprod.112.2o7.net,AVAILABILITY,domains.list,domains.list,2026-09-30 10:02:56.468173+00:00,fb76b822ac6030cfe8ced1c2
amazonhrhvh.112.2o7.net,AVAILABILITY,domains.list,domains.list,2026-09-30 10:02:56.611970+00:00,fb76b822ac6030cfe8ced1c2
amazonhrhvhuat.112.2o7.net,AVAILABILITY,domains.list,domains.list,2026-09-30 10:02:56.961846+00:00,fb76b822ac6030cfe8ced1c2
amazonmerchants.122.2o7.net,AVAILABILITY,domains.list,domains.list,2026-09-30 10:02:57.308813+00:00,fb76b822ac6030cfe8ced1c2
amazonservices.122.2o7.net,AVAILABILITY,domains.list,domains.list,2026-09-30 10:02:57.450453+00:00,fb76b822ac6030cfe8ced1c2
amazonshopbop.122.2o7.net,AVAILABILITY,domains.list,domains.list,2026-09-30 10:02:57.591287+00:00,fb76b822ac6030cfe8ced1c2
amazonwebstore.122.2o7.net,AVAILABILITY,domains.list,domains.list,2026-09-30 10:02:57.822345+00:00,fb76b822ac6030cfe8ced1c2
amcalterraglobalprod.112.2o7.net,AVAILABILITY,domains.list,domains.list,2026-09-30 10:02:58.020095+00:00,fb76b822ac6030cfe8ced1c2
amdvglobal.122.2o7.net,AVAILABILITY,domains.list,domains.list,2026-09-30 10:02:58.214919+00:00,fb76b822ac6030cfe8ced1c2
amdvtest.112.2o7.net,AVAILABILITY,domains.list,domains.list,2026-09-30 10:02:58.409589+00:00,fb76b822ac6030cfe8ced1c2
americanblinds.com.122.2o7.net,AVAILABILITY,domains.list,domains.list,2026-09-30 10:02:58.608398+00:00,fb76b822ac6030cfe8ced1c2
americanexpress.122.2o7.net,AVAILABILITY,domains.list,domains.list,2026-09-30 10:02:58.982136+00:00,fb76b822ac6030cfe8ced1c2
americanwoodmark.112.2o7.net,AVAILABILITY,domains.list,domains.list,2026-09-30 10:02:59.181857+00:00,fb76b822ac6030cfe8ced1c2
ameritrade.112.2o7.net,AVAILABILITY,domains.list,domains.list,2026-09-30 10:02:59.379514+00:00,fb76b822ac6030cfe8ced1c2
ameritradeamerivest.112.2o7.net,AVAILABILITY,domains.list,domains.list,2026-09-30 10:02:59.576540+00:00,fb76b822ac6030cfe8ced1c2
ameritradeogilvy.112.2o7.net,AVAILABILITY,domains.list,domains.list,2026-09-30 10:02:59.718166+00:00,fb76b822ac6030cfe8ced1c2
amexopenprod.122.2o7.net,AVAILABILITY,domains.list,domains.list,2026-09-30 10:02:59.918548+00:00,fb76b822ac6030cfe8ced1c2
amgpprod.112.2o7.net,AVAILABILITY,domains.list,domains.list,2026-09-30 10:03:00.061476+00:00,fb76b822ac6030cfe8ced1c2
ampacr6prod.112.2o7.net,AVAILABILITY,domains.list,domains.list,2026-09-30 10:03:00.260656+00:00,fb76b822ac6030cfe8ced1c2
amsstellensucheneuwebsiteproduction.112.2o7.net,AVAILABILITY,domains.list,domains.list,2026-09-30 10:03:00.403830+00:00,fb76b822ac6030cfe8ced1c2
amswebproduction.112.2o7.net,AVAILABILITY,domains.list,domains.list,2026-09-30 10:03:00.599647+00:00,fb76b822ac6030cfe8ced1c2
amzna2z.112.2o7.net,AVAILABILITY,domains.list,domains.list,2026-09-30 10:03:00.793851+00:00,fb76b822ac6030cfe8ced1c2
amznshopbop.122.2o7.net,AVAILABILITY,domains.list,domains.list,2026-09-30 10:03:00.996350+00:00,fb76b822ac6030cfe8ced1c2
ana.112.2o7.net,AVAILABILITY,domains.list,domains.list,2026-09-30 10:03:01.202384+00:00,fb76b822ac6030cfe8ced1c2
analytic.112.2o7.net,AVAILABILITY,domains.list,domains.list,2026-09-30 10:03:01.402730+00:00,fb76b822ac6030cfe8ced1c2
analytics-lgs.corebridgefinancial.com,AVAILABILITY,domains.list,domains.list,2026-09-30 10:03:01.709273+00:00,fb76b822ac6030cfe8ced1c2
analytics-secure.dollargeneral.com,AVAILABILITY,domains.list,domains.list,2026-09-30 10:03:02.062365+00:00,fb76b822ac6030cfe8ced1c2
analytics.112.2o7.net,AVAILABILITY,domains.list,domains.list,2026-09-30 10:03:02.440845+00:00,fb76b822ac6030cfe8ced1c2
analytics.adultswim.co.uk,AVAILABILITY,domains.list,domains.list,2026-09-30 10:03:02.748955+00:00,fb76b822ac6030cfe8ced1c2
analytics.amig.com,AVAILABILITY,domains.list,domains.list,2026-09-30 10:03:02.984014+00:00,fb76b822ac6030cfe8ced1c2
analytics.asml.com,AVAILABILITY,domains.list,domains.list,2026-09-30 10:03:03.603958+00:00,fb76b822ac6030cfe8ced1c2
analytics.boomerangtv.co.uk,AVAILABILITY,domains.list,domains.list,2026-09-30 10:03:03.896022+00:00,fb76b822ac6030cfe8ced1c2
analytics.box.com,AVAILABILITY,domains.list,domains.list,2026-09-30 10:03:04.095176+00:00,fb76b822ac6030cfe8ced1c2
analytics.canaltnt.es,AVAILABILITY,domains.list,domains.list,2026-09-30 10:03:04.347826+00:00,fb76b822ac6030cfe8ced1c2
analytics.capitalgroup.com,AVAILABILITY,domains.list,domains.list,2026-09-30 10:03:04.657302+00:00,fb76b822ac6030cfe8ced1c2
analytics.cartoonito.it,AVAILABILITY,domains.list,domains.list,2026-09-30 10:03:04.927373+00:00,fb76b822ac6030cfe8ced1c2
analytics.cartoonnetwork.co.uk,AVAILABILITY,domains.list,domains.list,2026-09-30 10:03:05.116219+00:00,fb76b822ac6030cfe8ced1c2
analytics.cartoonnetwork.com.au,AVAILABILITY,domains.list,domains.list,2026-09-30 10:03:05.417665+00:00,fb76b822ac6030cfe8ced1c2
analytics.cartoonnetwork.jp,AVAILABILITY,domains.list,domains.list,2026-09-30 10:03:05.641492+00:00,fb76b822ac6030cfe8ced1c2
analytics.cartoonnetworkasia.com,AVAILABILITY,domains.list,domains.list,2026-09-30 10:03:05.930863+00:00,fb76b822ac6030cfe8ced1c2
analytics.cdf.cl,AVAILABILITY,domains.list,domains.list,2026-09-30 10:03:06.218554+00:00,fb76b822ac6030cfe8ced1c2
analytics.cibc.com,AVAILABILITY,domains.list,domains.list,2026-09-30 10:03:06.682379+00:00,fb76b822ac6030cfe8ced1c2
analytics.cibcrewards.com,AVAILABILITY,domains.list,domains.list,2026-09-30 10:03:07.184320+00:00,fb76b822ac6030cfe8ced1c2
analytics.cirroenergy.com,AVAILABILITY,domains.list,domains.list,2026-09-30 10:03:07.769080+00:00,fb76b822ac6030cfe8ced1c2
analytics.cnnchile.com,AVAILABILITY,domains.list,domains.list,2026-09-30 10:03:08.094981+00:00,fb76b822ac6030cfe8ced1c2
analytics.corusent.com,AVAILABILITY,domains.list,domains.list,2026-09-30 10:03:08.502686+00:00,fb76b822ac6030cfe8ced1c2
analytics.data.lloydsbankinggroup.com,AVAILABILITY,domains.list,domains.list,2026-09-30 10:03:09.387776+00:00,fb76b822ac6030cfe8ced1c2
analytics.directenergy.ca,AVAILABILITY,domains.list,domains.list,2026-09-30 10:03:09.992051+00:00,fb76b822ac6030cfe8ced1c2
analytics.directenergy.com,AVAILABILITY,domains.list,domains.list,2026-09-30 10:03:10.525814+00:00,fb76b822ac6030cfe8ced1c2
analytics.discountpowertx.com,AVAILABILITY,domains.list,domains.list,2026-09-30 10:03:11.143819+00:00,fb76b822ac6030cfe8ced1c2
analytics.disneyplus.com,AVAILABILITY,domains.list,domains.list,2026-09-30 10:03:11.330151+00:00,fb76b822ac6030cfe8ced1c2
analytics.esporteinterativo.com.br,AVAILABILITY,domains.list,domains.list,2026-09-30 10:03:11.752929+00:00,fb76b822ac6030cfe8ced1c2
analytics.ewz.ch,AVAILABILITY,domains.list,domains.list,2026-09-30 10:03:12.394588+00:00,fb76b822ac6030cfe8ced1c2
analytics.firstcitizens.com,AVAILABILITY,domains.list,domains.list,2026-09-30 10:03:12.623792+00:00,fb76b822ac6030cfe8ced1c2
analytics.fishtrack.com,AVAILABILITY,domains.list,domains.list,2026-09-30 10:03:13.016000+00:00,fb76b822ac6030cfe8ced1c2
analytics.futuro360.com,AVAILABILITY,domains.list,domains.list,2026-09-30 10:03:13.264933+00:00,fb76b822ac6030cfe8ced1c2
analytics.greenmountain.com,AVAILABILITY,domains.list,domains.list,2026-09-30 10:03:14.035291+00:00,fb76b822ac6030cfe8ced1c2
analytics.greenmountainenergy.com,AVAILABILITY,domains.list,domains.list,2026-09-30 10:03:14.432999+00:00,fb76b822ac6030cfe8ced1c2
analytics.haworth.com,AVAILABILITY,domains.list,domains.list,2026-09-30 10:03:15.020917+00:00,fb76b822ac6030cfe8ced1c2
analytics.hiexpress.com,AVAILABILITY,domains.list,domains.list,2026-09-30 10:03:15.290371+00:00,fb76b822ac6030cfe8ced1c2
analytics.hotelclub.com,AVAILABILITY,domains.list,domains.list,2026-09-30 10:03:15.596367+00:00,fb76b822ac6030cfe8ced1c2
analytics.ihg.com,AVAILABILITY,domains.list,domains.list,2026-09-30 10:03:15.914673+00:00,fb76b822ac6030cfe8ced1c2
analytics.ishopchangi.com,AVAILABILITY,domains.list,domains.list,2026-09-30 10:03:16.457122+00:00,fb76b822ac6030cfe8ced1c2
analytics.lendio.com,AVAILABILITY,domains.list,domains.list,2026-09-30 10:03:16.757028+00:00,fb76b822ac6030cfe8ced1c2
analytics.metro-cc.ru,AVAILABILITY,domains.list,domains.list,2026-09-30 10:03:18.456843+00:00,fb76b822ac6030cfe8ced1c2
analytics.metro.com.kz,AVAILABILITY,domains.list,domains.list,2026-09-30 10:03:20.212866+00:00,fb76b822ac6030cfe8ced1c2
analytics.mondotv.jp,AVAILABILITY,domains.list,domains.list,2026-09-30 10:03:20.440123+00:00,fb76b822ac6030cfe8ced1c2
analytics.mystream.com,AVAILABILITY,domains.list,domains.list,2026-09-30 10:03:21.065897+00:00,fb76b822ac6030cfe8ced1c2
analytics.navyfederal.org,AVAILABILITY,domains.list,domains.list,2026-09-30 10:03:21.669542+00:00,fb76b822ac6030cfe8ced1c2
analytics.nrg.com,AVAILABILITY,domains.list,domains.list,2026-09-30 10:03:21.939092+00:00,fb76b822ac6030cfe8ced1c2
analytics.picknrg.com,AVAILABILITY,domains.list,domains.list,2026-09-30 10:03:22.660210+00:00,fb76b822ac6030cfe8ced1c2
analytics.pnc.com,AVAILABILITY,domains.list,domains.list,2026-09-30 10:03:22.974555+00:00,fb76b822ac6030cfe8ced1c2
analytics.reliant.com,AVAILABILITY,domains.list,domains.list,2026-09-30 10:03:23.603759+00:00,fb76b822ac6030cfe8ced1c2
analytics.simplyhealth.co.uk,AVAILABILITY,domains.list,domains.list,2026-09-30 10:03:24.132637+00:00,fb76b822ac6030cfe8ced1c2
analytics.sixt.cn,AVAILABILITY,domains.list,domains.list,2026-09-30 10:03:24.583625+00:00,fb76b822ac6030cfe8ced1c2
analytics.sixt.es,AVAILABILITY,domains.list,domains.list,2026-09-30 10:03:24.862400+00:00,fb76b822ac6030cfe8ced1c2
analytics.sixt.fr,AVAILABILITY,domains.list,domains.list,2026-09-30 10:03:25.284868+00:00,fb76b822ac6030cfe8ced1c2
analytics.sixt.it,AVAILABILITY,domains.list,domains.list,2026-09-30 10:03:25.450604+00:00,fb76b822ac6030cfe8ced1c2
analytics.sixt.jp,AVAILABILITY,domains.list,domains.list,2026-09-30 10:03:25.875148+00:00,fb76b822ac6030cfe8ced1c2
analytics.sixtmiddleeast.com,AVAILABILITY,domains.list,domains.list,2026-09-30 10:03:26.129907+00:00,fb76b822ac6030cfe8ced1c2
analytics.surfline.com,AVAILABILITY,domains.list,domains.list,2026-09-30 10:03:26.310685+00:00,fb76b822ac6030cfe8ced1c2
analytics.sydney.edu.au,AVAILABILITY,domains.list,domains.list,2026-09-30 10:03:26.923263+00:00,fb76b822ac6030cfe8ced1c2
analytics.tabichan.jp,AVAILABILITY,domains.list,domains.list,2026-09-30 10:03:27.320713+00:00,fb76b822ac6030cfe8ced1c2
analytics.tcm.com,AVAILABILITY,domains.list,domains.list,2026-09-30 10:03:27.693866+00:00,fb76b822ac6030cfe8ced1c2
analytics.tnt-tv.de,AVAILABILITY,domains.list,domains.list,2026-09-30 10:03:28.040197+00:00,fb76b822ac6030cfe8ced1c2
analytics.tnt-tv.pl,AVAILABILITY,domains.list,domains.list,2026-09-30 10:03:28.837386+00:00,fb76b822ac6030cfe8ced1c2
analytics.tntdrama.com,AVAILABILITY,domains.list,domains.list,2026-09-30 10:03:29.259909+00:00,fb76b822ac6030cfe8ced1c2
analytics.tntdramma.com,AVAILABILITY,domains.list,domains.list,2026-09-30 10:03:29.836479+00:00,fb76b822ac6030cfe8ced1c2
analytics.tntsports.cl,AVAILABILITY,domains.list,domains.list,2026-09-30 10:03:30.381564+00:00,fb76b822ac6030cfe8ced1c2
analytics.trutv.com,AVAILABILITY,domains.list,domains.list,2026-09-30 10:03:30.675039+00:00,fb76b822ac6030cfe8ced1c2
analytics.turnertv.com,AVAILABILITY,domains.list,domains.list,2026-09-30 10:03:30.905386+00:00,fb76b822ac6030cfe8ced1c2
analytics.ubs.com,AVAILABILITY,domains.list,domains.list,2026-09-30 10:03:31.449697+00:00,fb76b822ac6030cfe8ced1c2
analytics.underarmour.com,AVAILABILITY,domains.list,domains.list,2026-09-30 10:03:32.162851+00:00,fb76b822ac6030cfe8ced1c2
analytics.unive.nl,AVAILABILITY,domains.list,domains.list,2026-09-30 10:03:32.652947+00:00,fb76b822ac6030cfe8ced1c2
analytics.unsw.edu.au,AVAILABILITY,domains.list,domains.list,2026-09-30 10:03:33.206986+00:00,fb76b822ac6030cfe8ced1c2
analytics.xoomenergy.com,AVAILABILITY,domains.list,domains.list,2026-09-30 10:03:33.750261+00:00,fb76b822ac6030cfe8ced1c2
analyticsresults.datev.de,AVAILABILITY,domains.list,domains.list,2026-09-30 10:03:34.708671+00:00,fb76b822ac6030cfe8ced1c2
analyticsssl.forcepoint.com,AVAILABILITY,domains.list,domains.list,2026-09-30 10:03:35.287067+00:00,fb76b822ac6030cfe8ced1c2
anaplanglobal.112.2o7.net,AVAILABILITY,domains.list,domains.list,2026-09-30 10:03:35.497844+00:00,fb76b822ac6030cfe8ced1c2
ancestryglobal.112.2o7.net,AVAILABILITY,domains.list,domains.list,2026-09-30 10:03:35.694358+00:00,fb76b822ac6030cfe8ced1c2
and.co.uk.122.2o7.net,AVAILABILITY,domains.list,domains.list,2026-09-30 10:03:36.101512+00:00,fb76b822ac6030cfe8ced1c2
angdr.112.2o7.net,AVAILABILITY,domains.list,domains.list,2026-09-30 10:03:36.298404+00:00,fb76b822ac6030cfe8ced1c2
angiba.112.2o7.net,AVAILABILITY,domains.list,domains.list,2026-09-30 10:03:36.592798+00:00,fb76b822ac6030cfe8ced1c2
angieslist.112.2o7.net,AVAILABILITY,domains.list,domains.list,2026-09-30 10:03:36.978032+00:00,fb76b822ac6030cfe8ced1c2
angmar.112.2o7.net,AVAILABILITY,domains.list,domains.list,2026-09-30 10:03:37.177700+00:00,fb76b822ac6030cfe8ced1c2
angmil.112.2o7.net,AVAILABILITY,domains.list,domains.list,2026-09-30 10:03:37.525763+00:00,fb76b822ac6030cfe8ced1c2
angpar.112.2o7.net,AVAILABILITY,domains.list,domains.list,2026-09-30 10:03:37.725151+00:00,fb76b822ac6030cfe8ced1c2
aolbks.122.2o7.net,AVAILABILITY,domains.list,domains.list,2026-09-30 10:03:37.868303+00:00,fb76b822ac6030cfe8ced1c2
aolcamember.122.2o7.net,AVAILABILITY,domains.list,domains.list,2026-09-30 10:03:38.127671+00:00,fb76b822ac6030cfe8ced1c2
aolcg.122.2o7.net,AVAILABILITY,domains.list,domains.list,2026-09-30 10:03:38.387340+00:00,fb76b822ac6030cfe8ced1c2
aolcmp.122.2o7.net,AVAILABILITY,domains.list,domains.list,2026-09-30 10:03:38.763821+00:00,fb76b822ac6030cfe8ced1c2
aolcommem.122.2o7.net,AVAILABILITY,domains.list,domains.list,2026-09-30 10:03:38.906770+00:00,fb76b822ac6030cfe8ced1c2
aolcommvid.122.2o7.net,AVAILABILITY,domains.list,domains.list,2026-09-30 10:03:39.104850+00:00,fb76b822ac6030cfe8ced1c2
aolcsmen.122.2o7.net,AVAILABILITY,domains.list,domains.list,2026-09-30 10:03:39.264071+00:00,fb76b822ac6030cfe8ced1c2
aoldechattpportal.122.2o7.net,AVAILABILITY,domains.list,domains.list,2026-09-30 10:03:39.408755+00:00,fb76b822ac6030cfe8ced1c2
aoldlama.122.2o7.net,AVAILABILITY,domains.list,domains.list,2026-09-30 10:03:39.551326+00:00,fb76b822ac6030cfe8ced1c2
aoldrambuie.122.2o7.net,AVAILABILITY,domains.list,domains.list,2026-09-30 10:03:39.746925+00:00,fb76b822ac6030cfe8ced1c2
aolffxtoolbar.122.2o7.net,AVAILABILITY,domains.list,domains.list,2026-09-30 10:03:40.008770+00:00,fb76b822ac6030cfe8ced1c2
aolgam.122.2o7.net,AVAILABILITY,domains.list,domains.list,2026-09-30 10:03:40.207463+00:00,fb76b822ac6030cfe8ced1c2
aolgamedaily.122.2o7.net,AVAILABILITY,domains.list,domains.list,2026-09-30 10:03:40.351492+00:00,fb76b822ac6030cfe8ced1c2
aolinttlb.122.2o7.net,AVAILABILITY,domains.list,domains.list,2026-09-30 10:03:40.507281+00:00,fb76b822ac6030cfe8ced1c2
aoljournals.122.2o7.net,AVAILABILITY,domains.list,domains.list,2026-09-30 10:03:40.723078+00:00,fb76b822ac6030cfe8ced1c2
aollatblog.122.2o7.net,AVAILABILITY,domains.list,domains.list,2026-09-30 10:03:40.867473+00:00,fb76b822ac6030cfe8ced1c2
aollove.122.2o7.net,AVAILABILITY,domains.list,domains.list,2026-09-30 10:03:41.011338+00:00,fb76b822ac6030cfe8ced1c2
aolmobdash.122.2o7.net,AVAILABILITY,domains.list,domains.list,2026-09-30 10:03:41.156172+00:00,fb76b822ac6030cfe8ced1c2
aolmov.122.2o7.net,AVAILABILITY,domains.list,domains.list,2026-09-30 10:03:41.341211+00:00,fb76b822ac6030cfe8ced1c2
aolmus.122.2o7.net,AVAILABILITY,domains.list,domains.list,2026-09-30 10:03:41.546405+00:00,fb76b822ac6030cfe8ced1c2
aolnews.122.2o7.net,AVAILABILITY,domains.list,domains.list,2026-09-30 10:03:41.779836+00:00,fb76b822ac6030cfe8ced1c2
aolnssearch.122.2o7.net,AVAILABILITY,domains.list,domains.list,2026-09-30 10:03:41.921812+00:00,fb76b822ac6030cfe8ced1c2
aolpf.122.2o7.net,AVAILABILITY,domains.list,domains.list,2026-09-30 10:03:42.267259+00:00,fb76b822ac6030cfe8ced1c2
aolpolls.122.2o7.net,AVAILABILITY,domains.list,domains.list,2026-09-30 10:03:42.495789+00:00,fb76b822ac6030cfe8ced1c2
aolsearch.122.2o7.net,AVAILABILITY,domains.list,domains.list,2026-09-30 10:03:42.696092+00:00,fb76b822ac6030cfe8ced1c2
aolshred.122.2o7.net,AVAILABILITY,domains.list,domains.list,2026-09-30 10:03:42.838155+00:00,fb76b822ac6030cfe8ced1c2
aolsports.122.2o7.net,AVAILABILITY,domains.list,domains.list,2026-09-30 10:03:42.983368+00:00,fb76b822ac6030cfe8ced1c2
aolstylist.122.2o7.net,AVAILABILITY,domains.list,domains.list,2026-09-30 10:03:43.129041+00:00,fb76b822ac6030cfe8ced1c2
aolsvc.122.2o7.net,AVAILABILITY,domains.list,domains.list,2026-09-30 10:03:43.273350+00:00,fb76b822ac6030cfe8ced1c2
aolswitch.122.2o7.net,AVAILABILITY,domains.list,domains.list,2026-09-30 10:03:43.473749+00:00,fb76b822ac6030cfe8ced1c2
aoltmz.122.2o7.net,AVAILABILITY,domains.list,domains.list,2026-09-30 10:03:43.620906+00:00,fb76b822ac6030cfe8ced1c2
aoltoolbar.122.2o7.net,AVAILABILITY,domains.list,domains.list,2026-09-30 10:03:43.819713+00:00,fb76b822ac6030cfe8ced1c2
aoltruveo.122.2o7.net,AVAILABILITY,domains.list,domains.list,2026-09-30 10:03:43.963776+00:00,fb76b822ac6030cfe8ced1c2
aolturnercnnmoney.122.2o7.net,AVAILABILITY,domains.list,domains.list,2026-09-30 10:03:44.106841+00:00,fb76b822ac6030cfe8ced1c2
aolturnersi.122.2o7.net,AVAILABILITY,domains.list,domains.list,2026-09-30 10:03:44.305617+00:00,fb76b822ac6030cfe8ced1c2
aoluk.122.2o7.net,AVAILABILITY,domains.list,domains.list,2026-09-30 10:03:44.504628+00:00,fb76b822ac6030cfe8ced1c2
aolvideo.122.2o7.net,AVAILABILITY,domains.list,domains.list,2026-09-30 10:03:44.648205+00:00,fb76b822ac6030cfe8ced1c2
aolwbautoblog.122.2o7.net,AVAILABILITY,domains.list,domains.list,2026-09-30 10:03:44.939325+00:00,fb76b822ac6030cfe8ced1c2
aolwbcinema.122.2o7.net,AVAILABILITY,domains.list,domains.list,2026-09-30 10:03:45.097529+00:00,fb76b822ac6030cfe8ced1c2
aolwbdnlsq.122.2o7.net,AVAILABILITY,domains.list,domains.list,2026-09-30 10:03:45.239923+00:00,fb76b822ac6030cfe8ced1c2
aolwbengadget.122.2o7.net,AVAILABILITY,domains.list,domains.list,2026-09-30 10:03:45.618049+00:00,fb76b822ac6030cfe8ced1c2
aolwbgadling.122.2o7.net,AVAILABILITY,domains.list,domains.list,2026-09-30 10:03:45.910923+00:00,fb76b822ac6030cfe8ced1c2
aolwbluxist.122.2o7.net,AVAILABILITY,domains.list,domains.list,2026-09-30 10:03:46.203216+00:00,fb76b822ac6030cfe8ced1c2
aolwbpspfboy.122.2o7.net,AVAILABILITY,domains.list,domains.list,2026-09-30 10:03:46.493032+00:00,fb76b822ac6030cfe8ced1c2
aolwbtvsq.122.2o7.net,AVAILABILITY,domains.list,domains.list,2026-09-30 10:03:46.641145+00:00,fb76b822ac6030cfe8ced1c2
aolwbwowinsd.122.2o7.net,AVAILABILITY,domains.list,domains.list,2026-09-30 10:03:46.786627+00:00,fb76b822ac6030cfe8ced1c2
aolwinamp.122.2o7.net,AVAILABILITY,domains.list,domains.list,2026-09-30 10:03:46.931253+00:00,fb76b822ac6030cfe8ced1c2
aolwpmq.122.2o7.net,AVAILABILITY,domains.list,domains.list,2026-09-30 10:03:47.078622+00:00,fb76b822ac6030cfe8ced1c2
aolwpnscom.122.2o7.net,AVAILABILITY,domains.list,domains.list,2026-09-30 10:03:47.225715+00:00,fb76b822ac6030cfe8ced1c2
aolwpnswhatsnew.112.2o7.net,AVAILABILITY,domains.list,domains.list,2026-09-30 10:03:47.368831+00:00,fb76b822ac6030cfe8ced1c2
aolwpnswhatsnew.122.2o7.net,AVAILABILITY,domains.list,domains.list,2026-09-30 10:03:47.515500+00:00,fb76b822ac6030cfe8ced1c2
aolyedda.122.2o7.net,AVAILABILITY,domains.list,domains.list,2026-09-30 10:03:47.762210+00:00,fb76b822ac6030cfe8ced1c2
aoncomprod.122.2o7.net,AVAILABILITY,domains.list,domains.list,2026-09-30 10:03:47.905826+00:00,fb76b822ac6030cfe8ced1c2
apalmercom.122.2o7.net,AVAILABILITY,domains.list,domains.list,2026-09-30 10:03:48.050736+00:00,fb76b822ac6030cfe8ced1c2
apartmentfinder.com.112.2o7.net,AVAILABILITY,domains.list,domains.list,2026-09-30 10:03:48.250313+00:00,fb76b822ac6030cfe8ced1c2
apdigitalorg.112.2o7.net,AVAILABILITY,domains.list,domains.list,2026-09-30 10:03:48.602613+00:00,fb76b822ac6030cfe8ced1c2
apdigitalorgovn.112.2o7.net,AVAILABILITY,domains.list,domains.list,2026-09-30 10:03:48.747774+00:00,fb76b822ac6030cfe8ced1c2
api.112.2o7.net,AVAILABILITY,domains.list,domains.list,2026-09-30 10:03:48.949073+00:00,fb76b822ac6030cfe8ced1c2
apnonline.112.2o7.net,AVAILABILITY,domains.list,domains.list,2026-09-30 10:03:49.209850+00:00,fb76b822ac6030cfe8ced1c2
aporg.112.2o7.net,AVAILABILITY,domains.list,domains.list,2026-09-30 10:03:49.444730+00:00,fb76b822ac6030cfe8ced1c2
app.112.2o7.net,AVAILABILITY,domains.list,domains.list,2026-09-30 10:03:49.643389+00:00,fb76b822ac6030cfe8ced1c2
applecaglobal.112.2o7.net,AVAILABILITY,domains.list,domains.list,2026-09-30 10:03:49.854962+00:00,fb76b822ac6030cfe8ced1c2
applecmscoeappletraining.112.2o7.net,AVAILABILITY,domains.list,domains.list,2026-09-30 10:03:50.001006+00:00,fb76b822ac6030cfe8ced1c2
applecmscoedeploymenttraining.112.2o7.net,AVAILABILITY,domains.list,domains.list,2026-09-30 10:03:50.296585+00:00,fb76b822ac6030cfe8ced1c2
applecmscoeedwebprd.112.2o7.net,AVAILABILITY,domains.list,domains.list,2026-09-30 10:03:50.441115+00:00,fb76b822ac6030cfe8ced1c2
appleglobal.102.112.2o7.net,AVAILABILITY,domains.list,domains.list,2026-09-30 10:03:50.796168+00:00,fb76b822ac6030cfe8ced1c2
appleglobal.112.2o7.net,AVAILABILITY,domains.list,domains.list,2026-09-30 10:03:50.942371+00:00,fb76b822ac6030cfe8ced1c2
applepstcrmprod.112.2o7.net,AVAILABILITY,domains.list,domains.list,2026-09-30 10:03:51.200606+00:00,fb76b822ac6030cfe8ced1c2
aramarkus.112.2o7.net,AVAILABILITY,domains.list,domains.list,2026-09-30 10:03:51.344961+00:00,fb76b822ac6030cfe8ced1c2
ariba.112.2o7.net,AVAILABILITY,domains.list,domains.list,2026-09-30 10:03:51.490406+00:00,fb76b822ac6030cfe8ced1c2
asahibeer.112.2o7.net,AVAILABILITY,domains.list,domains.list,2026-09-30 10:03:51.695663+00:00,fb76b822ac6030cfe8ced1c2
asiainspection.122.2o7.net,AVAILABILITY,domains.list,domains.list,2026-09-30 10:03:51.895509+00:00,fb76b822ac6030cfe8ced1c2
asiamlweb.112.2o7.net,AVAILABILITY,domains.list,domains.list,2026-09-30 10:03:52.050453+00:00,fb76b822ac6030cfe8ced1c2
asknetag.112.2o7.net,AVAILABILITY,domains.list,domains.list,2026-09-30 10:03:52.344339+00:00,fb76b822ac6030cfe8ced1c2
assetdtmamcom.112.2o7.net,AVAILABILITY,domains.list,domains.list,2026-09-30 10:03:52.492240+00:00,fb76b822ac6030cfe8ced1c2
assetdtmewm.112.2o7.net,AVAILABILITY,domains.list,domains.list,2026-09-30 10:03:52.637735+00:00,fb76b822ac6030cfe8ced1c2
associatedcontent.112.2o7.net,AVAILABILITY,domains.list,domains.list,2026-09-30 10:03:52.931453+00:00,fb76b822ac6030cfe8ced1c2
associatednorthcliffedigital.122.2o7.net,AVAILABILITY,domains.list,domains.list,2026-09-30 10:03:53.131876+00:00,fb76b822ac6030cfe8ced1c2
asustekglobal.112.2o7.net,AVAILABILITY,domains.list,domains.list,2026-09-30 10:03:53.366872+00:00,fb76b822ac6030cfe8ced1c2
atiprod.112.2o7.net,AVAILABILITY,domains.list,domains.list,2026-09-30 10:03:53.659254+00:00,fb76b822ac6030cfe8ced1c2
atlanticmedia.122.2o7.net,AVAILABILITY,domains.list,domains.list,2026-09-30 10:03:53.858656+00:00,fb76b822ac6030cfe8ced1c2
atlassian.122.2o7.net,AVAILABILITY,domains.list,domains.list,2026-09-30 10:03:54.002761+00:00,fb76b822ac6030cfe8ced1c2
atsmetrics.adobe.com,AVAILABILITY,domains.list,domains.list,2026-09-30 10:03:54.225916+00:00,fb76b822ac6030cfe8ced1c2
aubankprod.112.2o7.net,AVAILABILITY,domains.list,domains.list,2026-09-30 10:03:54.374630+00:00,fb76b822ac6030cfe8ced1c2
audiag.112.2o7.net,AVAILABILITY,domains.list,domains.list,2026-09-30 10:03:54.566526+00:00,fb76b822ac6030cfe8ced1c2
audible.112.2o7.net,AVAILABILITY,domains.list,domains.list,2026-09-30 10:03:54.711366+00:00,fb76b822ac6030cfe8ced1c2
aumo123usedcarscom.112.2o7.net,AVAILABILITY,domains.list,domains.list,2026-09-30 10:03:55.064867+00:00,fb76b822ac6030cfe8ced1c2
aumoautomobilemagcom.112.2o7.net,AVAILABILITY,domains.list,domains.list,2026-09-30 10:03:55.265840+00:00,fb76b822ac6030cfe8ced1c2
aumoautomotivecom.112.2o7.net,AVAILABILITY,domains.list,domains.list,2026-09-30 10:03:55.410509+00:00,fb76b822ac6030cfe8ced1c2
aumoautomotivectl.112.2o7.net,AVAILABILITY,domains.list,domains.list,2026-09-30 10:03:55.556510+00:00,fb76b822ac6030cfe8ced1c2
aumocarsbelowinvoice.112.2o7.net,AVAILABILITY,domains.list,domains.list,2026-09-30 10:03:55.761150+00:00,fb76b822ac6030cfe8ced1c2
aumofourwheeler.112.2o7.net,AVAILABILITY,domains.list,domains.list,2026-09-30 10:03:56.024823+00:00,fb76b822ac6030cfe8ced1c2
aumointernetautoguidecom.112.2o7.net,AVAILABILITY,domains.list,domains.list,2026-09-30 10:03:56.290930+00:00,fb76b822ac6030cfe8ced1c2
aumomotortrend.112.2o7.net,AVAILABILITY,domains.list,domains.list,2026-09-30 10:03:56.584532+00:00,fb76b822ac6030cfe8ced1c2
aumonewcarcom.112.2o7.net,AVAILABILITY,domains.list,domains.list,2026-09-30 10:03:56.729250+00:00,fb76b822ac6030cfe8ced1c2
aumotradeinvaluecom.112.2o7.net,AVAILABILITY,domains.list,domains.list,2026-09-30 10:03:56.875806+00:00,fb76b822ac6030cfe8ced1c2
aunica.112.2o7.net,AVAILABILITY,domains.list,domains.list,2026-09-30 10:03:57.107307+00:00,fb76b822ac6030cfe8ced1c2
austrianairlines.122.2o7.net,AVAILABILITY,domains.list,domains.list,2026-09-30 10:03:57.341547+00:00,fb76b822ac6030cfe8ced1c2
autoanythingcom.112.2o7.net,AVAILABILITY,domains.list,domains.list,2026-09-30 10:03:57.637300+00:00,fb76b822ac6030cfe8ced1c2
autobytel.112.2o7.net,AVAILABILITY,domains.list,domains.list,2026-09-30 10:03:57.783061+00:00,fb76b822ac6030cfe8ced1c2
autobytelcorppopup.112.2o7.net,AVAILABILITY,domains.list,domains.list,2026-09-30 10:05:07.996789+00:00,fb76b822ac6030cfe8ced1c2
autocarcomprod.112.2o7.net,AVAILABILITY,domains.list,domains.list,2026-09-30 10:05:58.592004+00:00,fb76b822ac6030cfe8ced1c2
autoscout24.112.2o7.net,AVAILABILITY,domains.list,domains.list,2026-09-30 10:05:58.826375+00:00,fb76b822ac6030cfe8ced1c2
autoweb.112.2o7.net,AVAILABILITY,domains.list,domains.list,2026-09-30 10:05:59.586296+00:00,fb76b822ac6030cfe8ced1c2
autozone.com.102.122.2o7.net,AVAILABILITY,domains.list,domains.list,2026-09-30 10:05:59.769032+00:00,fb76b822ac6030cfe8ced1c2
avalaraprod.112.2o7.net,AVAILABILITY,domains.list,domains.list,2026-09-30 10:06:02.903002+00:00,fb76b822ac6030cfe8ced1c2
avaya.com.102.122.2o7.net,AVAILABILITY,domains.list,domains.list,2026-09-30 10:06:04.086069+00:00,fb76b822ac6030cfe8ced1c2
avgtechnologies.112.2o7.net,AVAILABILITY,domains.list,domains.list,2026-09-30 10:06:04.359365+00:00,fb76b822ac6030cfe8ced1c2
avid.com.102.112.2o7.net,AVAILABILITY,domains.list,domains.list,2026-09-30 10:06:04.757454+00:00,fb76b822ac6030cfe8ced1c2
avidtechnology.112.2o7.net,AVAILABILITY,domains.list,domains.list,2026-09-30 10:06:05.032052+00:00,fb76b822ac6030cfe8ced1c2
avis.112.2o7.net,AVAILABILITY,domains.list,domains.list,2026-09-30 10:06:05.397854+00:00,fb76b822ac6030cfe8ced1c2
aviva.112.2o7.net,AVAILABILITY,domains.list,domains.list,2026-09-30 10:06:05.704670+00:00,fb76b822ac6030cfe8ced1c2
avivafrance.122.2o7.net,AVAILABILITY,domains.list,domains.list,2026-09-30 10:06:05.919283+00:00,fb76b822ac6030cfe8ced1c2
avivapl.112.2o7.net,AVAILABILITY,domains.list,domains.list,2026-09-30 10:06:06.069161+00:00,fb76b822ac6030cfe8ced1c2
avivaplproduction.112.2o7.net,AVAILABILITY,domains.list,domains.list,2026-09-30 10:06:06.274973+00:00,fb76b822ac6030cfe8ced1c2
avivauk.122.2o7.net,AVAILABILITY,domains.list,domains.list,2026-09-30 10:06:06.475481+00:00,fb76b822ac6030cfe8ced1c2
avnet.com.102.122.2o7.net,AVAILABILITY,domains.list,domains.list,2026-09-30 10:06:06.628629+00:00,fb76b822ac6030cfe8ced1c2
avnglobalprod.112.2o7.net,AVAILABILITY,domains.list,domains.list,2026-09-30 10:06:06.957130+00:00,fb76b822ac6030cfe8ced1c2
avon.112.2o7.net,AVAILABILITY,domains.list,domains.list,2026-09-30 10:06:07.194389+00:00,fb76b822ac6030cfe8ced1c2
awarenesstech.122.2o7.net,AVAILABILITY,domains.list,domains.list,2026-09-30 10:06:07.492853+00:00,fb76b822ac6030cfe8ced1c2
azusapacificuniversity.112.2o7.net,AVAILABILITY,domains.list,domains.list,2026-09-30 10:06:07.640115+00:00,fb76b822ac6030cfe8ced1c2
babycentercom.112.2o7.net,AVAILABILITY,domains.list,domains.list,2026-09-30 10:06:07.841033+00:00,fb76b822ac6030cfe8ced1c2
bahn.de.102.122.2o7.net,AVAILABILITY,domains.list,domains.list,2026-09-30 10:06:08.143880+00:00,fb76b822ac6030cfe8ced1c2
bahn.de.122.2o7.net,AVAILABILITY,domains.list,domains.list,2026-09-30 10:06:08.384976+00:00,fb76b822ac6030cfe8ced1c2
bamsfirestonedirectprod.112.2o7.net,AVAILABILITY,domains.list,domains.list,2026-09-30 10:06:08.583569+00:00,fb76b822ac6030cfe8ced1c2
bancoaztecadev.112.2o7.net,AVAILABILITY,domains.list,domains.list,2026-09-30 10:06:08.788979+00:00,fb76b822ac6030cfe8ced1c2
bancoaztecaprd.112.2o7.net,AVAILABILITY,domains.list,domains.list,2026-09-30 10:06:08.938598+00:00,fb76b822ac6030cfe8ced1c2
bancoaztitkecommprod.112.2o7.net,AVAILABILITY,domains.list,domains.list,2026-09-30 10:06:09.319111+00:00,fb76b822ac6030cfe8ced1c2
bancoaztitkprod.112.2o7.net,AVAILABILITY,domains.list,domains.list,2026-09-30 10:06:09.552893+00:00,fb76b822ac6030cfe8ced1c2
bankrate.112.2o7.net,AVAILABILITY,domains.list,domains.list,2026-09-30 10:06:09.701189+00:00,fb76b822ac6030cfe8ced1c2
bankwest.112.2o7.net,AVAILABILITY,domains.list,domains.list,2026-09-30 10:06:10.051978+00:00,fb76b822ac6030cfe8ced1c2
barclayscapital-ssl.112.2o7.net,AVAILABILITY,domains.list,domains.list,2026-09-30 10:06:10.200630+00:00,fb76b822ac6030cfe8ced1c2
barclaysinternationalibprod.112.2o7.net,AVAILABILITY,domains.list,domains.list,2026-09-30 10:06:10.348697+00:00,fb76b822ac6030cfe8ced1c2
bassmaster.112.2o7.net,AVAILABILITY,domains.list,domains.list,2026-09-30 10:06:10.495283+00:00,fb76b822ac6030cfe8ced1c2
bassprod.112.2o7.net,AVAILABILITY,domains.list,domains.list,2026-09-30 10:06:10.782490+00:00,fb76b822ac6030cfe8ced1c2
batgsdglodeprod.112.2o7.net,AVAILABILITY,domains.list,domains.list,2026-09-30 10:06:10.933294+00:00,fb76b822ac6030cfe8ced1c2
batgsdglouaprod.112.2o7.net,AVAILABILITY,domains.list,domains.list,2026-09-30 10:06:11.710371+00:00,fb76b822ac6030cfe8ced1c2
bawagpsk2013.112.2o7.net,AVAILABILITY,domains.list,domains.list,2026-09-30 10:06:11.856058+00:00,fb76b822ac6030cfe8ced1c2
bbc.112.2o7.net,AVAILABILITY,domains.list,domains.list,2026-09-30 10:06:12.000159+00:00,fb76b822ac6030cfe8ced1c2
bbgbrukerbiospinprodesntls.112.2o7.net,AVAILABILITY,domains.list,domains.list,2026-09-30 10:06:12.148338+00:00,fb76b822ac6030cfe8ced1c2
bbhwww.112.2o7.net,AVAILABILITY,domains.list,domains.list,2026-09-30 10:06:12.294519+00:00,fb76b822ac6030cfe8ced1c2
bbva.112.2o7.net,AVAILABILITY,domains.list,domains.list,2026-09-30 10:06:12.467295+00:00,fb76b822ac6030cfe8ced1c2
bcacinchpartnersproduction.112.2o7.net,AVAILABILITY,domains.list,domains.list,2026-09-30 10:06:12.613483+00:00,fb76b822ac6030cfe8ced1c2
bcacinchprod.112.2o7.net,AVAILABILITY,domains.list,domains.list,2026-09-30 10:06:12.812456+00:00,fb76b822ac6030cfe8ced1c2
bcadealerproprod.112.2o7.net,AVAILABILITY,domains.list,domains.list,2026-09-30 10:06:13.923869+00:00,fb76b822ac6030cfe8ced1c2
bcaeuprod.112.2o7.net,AVAILABILITY,domains.list,domains.list,2026-09-30 10:06:14.072358+00:00,fb76b822ac6030cfe8ced1c2
bcbsks.com.102.112.2o7.net,AVAILABILITY,domains.list,domains.list,2026-09-30 10:06:14.229547+00:00,fb76b822ac6030cfe8ced1c2
beachbody.com.102.122.2o7.net,AVAILABILITY,domains.list,domains.list,2026-09-30 10:06:14.508327+00:00,fb76b822ac6030cfe8ced1c2
beachbuydig2020.112.2o7.net,AVAILABILITY,domains.list,domains.list,2026-09-30 10:06:14.708247+00:00,fb76b822ac6030cfe8ced1c2
bekbprd.112.2o7.net,AVAILABILITY,domains.list,domains.list,2026-09-30 10:06:15.055549+00:00,fb76b822ac6030cfe8ced1c2
bellglobemediapublishing.122.2o7.net,AVAILABILITY,domains.list,domains.list,2026-09-30 10:06:15.303350+00:00,fb76b822ac6030cfe8ced1c2
belluna.122.2o7.net,AVAILABILITY,domains.list,domains.list,2026-09-30 10:06:15.656750+00:00,fb76b822ac6030cfe8ced1c2
belointeractive.122.2o7.net,AVAILABILITY,domains.list,domains.list,2026-09-30 10:06:15.860083+00:00,fb76b822ac6030cfe8ced1c2
bentleysystems.122.2o7.net,AVAILABILITY,domains.list,domains.list,2026-09-30 10:06:16.057869+00:00,fb76b822ac6030cfe8ced1c2
berlinairportcorporateprd.112.2o7.net,AVAILABILITY,domains.list,domains.list,2026-09-30 10:06:16.207605+00:00,fb76b822ac6030cfe8ced1c2
bertelwissenprod.122.2o7.net,AVAILABILITY,domains.list,domains.list,2026-09-30 10:06:16.361567+00:00,fb76b822ac6030cfe8ced1c2
bestbuy.122.2o7.net,AVAILABILITY,domains.list,domains.list,2026-09-30 10:06:16.561148+00:00,fb76b822ac6030cfe8ced1c2
bet.122.2o7.net,AVAILABILITY,domains.list,domains.list,2026-09-30 10:06:16.763270+00:00,fb76b822ac6030cfe8ced1c2
betheball.112.2o7.net,AVAILABILITY,domains.list,domains.list,2026-09-30 10:06:17.056239+00:00,fb76b822ac6030cfe8ced1c2
betterhg.112.2o7.net,AVAILABILITY,domains.list,domains.list,2026-09-30 10:06:17.205759+00:00,fb76b822ac6030cfe8ced1c2
bgeo1xxpnwparliament.112.2o7.net,AVAILABILITY,domains.list,domains.list,2026-09-30 10:06:17.407655+00:00,fb76b822ac6030cfe8ced1c2
bglbnpparibasbglbnpparibasmvpprod.112.2o7.net,AVAILABILITY,domains.list,domains.list,2026-09-30 10:06:17.555973+00:00,fb76b822ac6030cfe8ced1c2
bglbnpparibaswebbankingdekstopprod.112.2o7.net,AVAILABILITY,domains.list,domains.list,2026-09-30 10:06:17.774237+00:00,fb76b822ac6030cfe8ced1c2
bhgdiabeticliving.112.2o7.net,AVAILABILITY,domains.list,domains.list,2026-09-30 10:06:18.039600+00:00,fb76b822ac6030cfe8ced1c2
bhgdiy.112.2o7.net,AVAILABILITY,domains.list,domains.list,2026-09-30 10:06:19.513139+00:00,fb76b822ac6030cfe8ced1c2
bhgkitchenbath.112.2o7.net,AVAILABILITY,domains.list,domains.list,2026-09-30 10:06:19.659858+00:00,fb76b822ac6030cfe8ced1c2
bhgquilting.112.2o7.net,AVAILABILITY,domains.list,domains.list,2026-09-30 10:06:39.985610+00:00,fb76b822ac6030cfe8ced1c2
bhgremodel.112.2o7.net,AVAILABILITY,domains.list,domains.list,2026-09-30 10:06:40.145266+00:00,fb76b822ac6030cfe8ced1c2
bhgscrap.112.2o7.net,AVAILABILITY,domains.list,domains.list,2026-09-30 10:06:40.291878+00:00,fb76b822ac6030cfe8ced1c2
bigfishgamesprodesntls.112.2o7.net,AVAILABILITY,domains.list,domains.list,2026-09-30 10:06:40.490543+00:00,fb76b822ac6030cfe8ced1c2
biglots.112.2o7.net,AVAILABILITY,domains.list,domains.list,2026-09-30 10:06:40.894393+00:00,fb76b822ac6030cfe8ced1c2
bigpond.122.2o7.net,AVAILABILITY,domains.list,domains.list,2026-09-30 10:06:41.245076+00:00,fb76b822ac6030cfe8ced1c2
bitdrive.112.2o7.net,AVAILABILITY,domains.list,domains.list,2026-09-30 10:06:41.393893+00:00,fb76b822ac6030cfe8ced1c2
bizjournals.112.2o7.net,AVAILABILITY,domains.list,domains.list,2026-09-30 10:06:41.747071+00:00,fb76b822ac6030cfe8ced1c2
bladeshadowlauncherdev.112.2o7.net,AVAILABILITY,domains.list,domains.list,2026-09-30 10:06:41.893976+00:00,fb76b822ac6030cfe8ced1c2
blethenmaine.112.2o7.net,AVAILABILITY,domains.list,domains.list,2026-09-30 10:06:42.735901+00:00,fb76b822ac6030cfe8ced1c2
bmwdevbaonline.112.2o7.net,AVAILABILITY,domains.list,domains.list,2026-09-30 10:06:42.985513+00:00,fb76b822ac6030cfe8ced1c2
bmwmoter.122.2o7.net,AVAILABILITY,domains.list,domains.list,2026-09-30 10:06:43.306393+00:00,fb76b822ac6030cfe8ced1c2
bmwmotor.122.2o7.net,AVAILABILITY,domains.list,domains.list,2026-09-30 10:06:43.691309+00:00,fb76b822ac6030cfe8ced1c2
bmwtechnicalinformationsystem.112.2o7.net,AVAILABILITY,domains.list,domains.list,2026-09-30 10:06:43.839044+00:00,fb76b822ac6030cfe8ced1c2
bneadoptionstaging.112.2o7.net,AVAILABILITY,domains.list,domains.list,2026-09-30 10:06:44.113977+00:00,fb76b822ac6030cfe8ced1c2
bnebnedfdcprod.112.2o7.net,AVAILABILITY,domains.list,domains.list,2026-09-30 10:06:44.415645+00:00,fb76b822ac6030cfe8ced1c2
bnebnefdcdev.112.2o7.net,AVAILABILITY,domains.list,domains.list,2026-09-30 10:06:44.716355+00:00,fb76b822ac6030cfe8ced1c2
bnk30livejs.112.2o7.net,AVAILABILITY,domains.list,domains.list,2026-09-30 10:06:44.995938+00:00,fb76b822ac6030cfe8ced1c2
bnkholic.112.2o7.net,AVAILABILITY,domains.list,domains.list,2026-09-30 10:06:45.143100+00:00,fb76b822ac6030cfe8ced1c2
bnkicomv2.112.2o7.net,AVAILABILITY,domains.list,domains.list,2026-09-30 10:06:45.345204+00:00,fb76b822ac6030cfe8ced1c2
bnkr8dev.112.2o7.net,AVAILABILITY,domains.list,domains.list,2026-09-30 10:06:45.691451+00:00,fb76b822ac6030cfe8ced1c2
bnppbecwprod.112.2o7.net,AVAILABILITY,domains.list,domains.list,2026-09-30 10:06:45.836997+00:00,fb76b822ac6030cfe8ced1c2
bnpppf.112.2o7.net,AVAILABILITY,domains.list,domains.list,2026-09-30 10:06:45.983638+00:00,fb76b822ac6030cfe8ced1c2
bnpppffrb2b2cauroreprod.112.2o7.net,AVAILABILITY,domains.list,domains.list,2026-09-30 10:06:46.367693+00:00,fb76b822ac6030cfe8ced1c2
bobcat.122.2o7.net,AVAILABILITY,domains.list,domains.list,2026-09-30 10:06:46.567027+00:00,fb76b822ac6030cfe8ced1c2
boehrahnaprod.112.2o7.net,AVAILABILITY,domains.list,domains.list,2026-09-30 10:06:46.767001+00:00,fb76b822ac6030cfe8ced1c2
boehrusprod.112.2o7.net,AVAILABILITY,domains.list,domains.list,2026-09-30 10:06:46.969999+00:00,fb76b822ac6030cfe8ced1c2
boltonadhuhufrtest.112.2o7.net,AVAILABILITY,domains.list,domains.list,2026-09-30 10:06:47.236150+00:00,fb76b822ac6030cfe8ced1c2
bonappetit.com.112.2o7.net,AVAILABILITY,domains.list,domains.list,2026-09-30 10:06:47.594867+00:00,fb76b822ac6030cfe8ced1c2
bonintnewsktarcom.112.2o7.net,AVAILABILITY,domains.list,domains.list,2026-09-30 10:06:47.793471+00:00,fb76b822ac6030cfe8ced1c2
bonneville.112.2o7.net,AVAILABILITY,domains.list,domains.list,2026-09-30 10:06:48.054319+00:00,fb76b822ac6030cfe8ced1c2
bonniercorp.122.2o7.net,AVAILABILITY,domains.list,domains.list,2026-09-30 10:06:48.265797+00:00,fb76b822ac6030cfe8ced1c2
boostmobile.112.2o7.net,AVAILABILITY,domains.list,domains.list,2026-09-30 10:06:48.507123+00:00,fb76b822ac6030cfe8ced1c2
borders.112.2o7.net,AVAILABILITY,domains.list,domains.list,2026-09-30 10:06:48.705966+00:00,fb76b822ac6030cfe8ced1c2
bostoncommonpress.112.2o7.net,AVAILABILITY,domains.list,domains.list,2026-09-30 10:06:48.981726+00:00,fb76b822ac6030cfe8ced1c2
bostonglobe.122.2o7.net,AVAILABILITY,domains.list,domains.list,2026-09-30 10:06:49.308591+00:00,fb76b822ac6030cfe8ced1c2
bostonscientificcorporation.112.2o7.net,AVAILABILITY,domains.list,domains.list,2026-09-30 10:06:49.546188+00:00,fb76b822ac6030cfe8ced1c2
bottegaverde.it.102.122.2o7.net,AVAILABILITY,domains.list,domains.list,2026-09-30 10:06:49.756290+00:00,fb76b822ac6030cfe8ced1c2
bpceceprod1609.112.2o7.net,AVAILABILITY,domains.list,domains.list,2026-09-30 10:06:49.902686+00:00,fb76b822ac6030cfe8ced1c2
bpizzabpproduction.112.2o7.net,AVAILABILITY,domains.list,domains.list,2026-09-30 10:06:50.050405+00:00,fb76b822ac6030cfe8ced1c2
bpsbassproprod.112.2o7.net,AVAILABILITY,domains.list,domains.list,2026-09-30 10:06:50.196126+00:00,fb76b822ac6030cfe8ced1c2
bradycorporation.122.2o7.net,AVAILABILITY,domains.list,domains.list,2026-09-30 10:06:50.395108+00:00,fb76b822ac6030cfe8ced1c2
brandmuscleinstantimpact.112.2o7.net,AVAILABILITY,domains.list,domains.list,2026-09-30 10:06:50.543760+00:00,fb76b822ac6030cfe8ced1c2
brandmuscleinstantimpactstaging.112.2o7.net,AVAILABILITY,domains.list,domains.list,2026-09-30 10:06:50.693701+00:00,fb76b822ac6030cfe8ced1c2
brangista.122.2o7.net,AVAILABILITY,domains.list,domains.list,2026-09-30 10:06:50.845835+00:00,fb76b822ac6030cfe8ced1c2
brifiols.112.2o7.net,AVAILABILITY,domains.list,domains.list,2026-09-30 10:06:50.992889+00:00,fb76b822ac6030cfe8ced1c2
brightcove.112.2o7.net,AVAILABILITY,domains.list,domains.list,2026-09-30 10:06:51.142537+00:00,fb76b822ac6030cfe8ced1c2
brighthouse.122.2o7.net,AVAILABILITY,domains.list,domains.list,2026-09-30 10:06:51.290912+00:00,fb76b822ac6030cfe8ced1c2
brooks.112.2o7.net,AVAILABILITY,domains.list,domains.list,2026-09-30 10:06:51.524526+00:00,fb76b822ac6030cfe8ced1c2
bruceclay.112.2o7.net,AVAILABILITY,domains.list,domains.list,2026-09-30 10:06:51.875042+00:00,fb76b822ac6030cfe8ced1c2
brunswickcorporationbcgpdev.112.2o7.net,AVAILABILITY,domains.list,domains.list,2026-09-30 10:06:52.064842+00:00,fb76b822ac6030cfe8ced1c2
brunswickcorporationbcgpprod.112.2o7.net,AVAILABILITY,domains.list,domains.list,2026-09-30 10:06:52.225703+00:00,fb76b822ac6030cfe8ced1c2
bshg.122.2o7.net,AVAILABILITY,domains.list,domains.list,2026-09-30 10:06:52.425851+00:00,fb76b822ac6030cfe8ced1c2
bskyb.112.2o7.net,AVAILABILITY,domains.list,domains.list,2026-09-30 10:06:52.575657+00:00,fb76b822ac6030cfe8ced1c2
bskybsuper6prod.112.2o7.net,AVAILABILITY,domains.list,domains.list,2026-09-30 10:06:52.782079+00:00,fb76b822ac6030cfe8ced1c2
btbaemaprod.112.2o7.net,AVAILABILITY,domains.list,domains.list,2026-09-30 10:06:53.016729+00:00,fb76b822ac6030cfe8ced1c2
btbventuresprod.112.2o7.net,AVAILABILITY,domains.list,domains.list,2026-09-30 10:06:53.162894+00:00,fb76b822ac6030cfe8ced1c2
btcom.112.2o7.net,AVAILABILITY,domains.list,domains.list,2026-09-30 10:06:53.436366+00:00,fb76b822ac6030cfe8ced1c2
btcomdev.112.2o7.net,AVAILABILITY,domains.list,domains.list,2026-09-30 10:06:53.728277+00:00,fb76b822ac6030cfe8ced1c2
btibtplc.112.2o7.net,AVAILABILITY,domains.list,domains.list,2026-09-30 10:06:54.045915+00:00,fb76b822ac6030cfe8ced1c2
btiemail.112.2o7.net,AVAILABILITY,domains.list,domains.list,2026-09-30 10:06:54.854920+00:00,fb76b822ac6030cfe8ced1c2
btigspresalessandt.112.2o7.net,AVAILABILITY,domains.list,domains.list,2026-09-30 10:06:55.178294+00:00,fb76b822ac6030cfe8ced1c2
btimyaccountprod.112.2o7.net,AVAILABILITY,domains.list,domains.list,2026-09-30 10:06:55.387315+00:00,fb76b822ac6030cfe8ced1c2
btoreachdev.112.2o7.net,AVAILABILITY,domains.list,domains.list,2026-09-30 10:06:55.593164+00:00,fb76b822ac6030cfe8ced1c2
budgetcarhire.112.2o7.net,AVAILABILITY,domains.list,domains.list,2026-09-30 10:06:55.744489+00:00,fb76b822ac6030cfe8ced1c2
builderonlinecom.112.2o7.net,AVAILABILITY,domains.list,domains.list,2026-09-30 10:06:57.132553+00:00,fb76b822ac6030cfe8ced1c2
bupachileagendaprod.112.2o7.net,AVAILABILITY,domains.list,domains.list,2026-09-30 10:06:57.371316+00:00,fb76b822ac6030cfe8ced1c2
bupachilebupaprod.112.2o7.net,AVAILABILITY,domains.list,domains.list,2026-09-30 10:06:57.614817+00:00,fb76b822ac6030cfe8ced1c2
bupachilebupaqa.112.2o7.net,AVAILABILITY,domains.list,domains.list,2026-09-30 10:06:57.761118+00:00,fb76b822ac6030cfe8ced1c2
bupachilecruzblancaprod.112.2o7.net,AVAILABILITY,domains.list,domains.list,2026-09-30 10:06:58.180601+00:00,fb76b822ac6030cfe8ced1c2
bupachileintegramedica.112.2o7.net,AVAILABILITY,domains.list,domains.list,2026-09-30 10:06:58.383961+00:00,fb76b822ac6030cfe8ced1c2
bureaunacustomertools.112.2o7.net,AVAILABILITY,domains.list,domains.list,2026-09-30 10:06:58.583241+00:00,fb76b822ac6030cfe8ced1c2
businessweekpoc.112.2o7.net,AVAILABILITY,domains.list,domains.list,2026-09-30 10:06:58.871867+00:00,fb76b822ac6030cfe8ced1c2
buycom.122.2o7.net,AVAILABILITY,domains.list,domains.list,2026-09-30 10:07:00.395822+00:00,fb76b822ac6030cfe8ced1c2
buydig.122.2o7.net,AVAILABILITY,domains.list,domains.list,2026-09-30 10:07:00.783002+00:00,fb76b822ac6030cfe8ced1c2
buzznet.112.2o7.net,AVAILABILITY,domains.list,domains.list,2026-09-30 10:07:01.019015+00:00,fb76b822ac6030cfe8ced1c2
bwincom.122.2o7.net,AVAILABILITY,domains.list,domains.list,2026-09-30 10:07:01.406407+00:00,fb76b822ac6030cfe8ced1c2
byu.112.2o7.net,AVAILABILITY,domains.list,domains.list,2026-09-30 10:07:01.609052+00:00,fb76b822ac6030cfe8ced1c2
byuibyuidev.112.2o7.net,AVAILABILITY,domains.list,domains.list,2026-09-30 10:07:01.847870+00:00,fb76b822ac6030cfe8ced1c2
byuibyuiedu.112.2o7.net,AVAILABILITY,domains.list,domains.list,2026-09-30 10:07:02.113450+00:00,fb76b822ac6030cfe8ced1c2
byuidaho.112.2o7.net,AVAILABILITY,domains.list,domains.list,2026-09-30 10:07:02.259041+00:00,fb76b822ac6030cfe8ced1c2
cablevision.112.2o7.net,AVAILABILITY,domains.list,domains.list,2026-09-30 10:07:02.612640+00:00,fb76b822ac6030cfe8ced1c2
cablevissdlcomprod.112.2o7.net,AVAILABILITY,domains.list,domains.list,2026-09-30 10:07:03.761240+00:00,fb76b822ac6030cfe8ced1c2
cablevisuowcom.112.2o7.net,AVAILABILITY,domains.list,domains.list,2026-09-30 10:07:04.037634+00:00,fb76b822ac6030cfe8ced1c2
cadence.112.2o7.net,AVAILABILITY,domains.list,domains.list,2026-09-30 10:07:04.360943+00:00,fb76b822ac6030cfe8ced1c2
calpis.112.2o7.net,AVAILABILITY,domains.list,domains.list,2026-09-30 10:07:04.511541+00:00,fb76b822ac6030cfe8ced1c2
canadaoneautoglobalproduction.112.2o7.net,AVAILABILITY,domains.list,domains.list,2026-09-30 10:07:04.724159+00:00,fb76b822ac6030cfe8ced1c2
canadapost.112.2o7.net,AVAILABILITY,domains.list,domains.list,2026-09-30 10:07:05.048814+00:00,fb76b822ac6030cfe8ced1c2
cancalgary.112.2o7.net,AVAILABILITY,domains.list,domains.list,2026-09-30 10:07:05.247620+00:00,fb76b822ac6030cfe8ced1c2
canfaceoff.112.2o7.net,AVAILABILITY,domains.list,domains.list,2026-09-30 10:07:05.478688+00:00,fb76b822ac6030cfe8ced1c2
canfinancialpost.112.2o7.net,AVAILABILITY,domains.list,domains.list,2026-09-30 10:07:05.775550+00:00,fb76b822ac6030cfe8ced1c2
cannationalpost.112.2o7.net,AVAILABILITY,domains.list,domains.list,2026-09-30 10:07:05.985380+00:00,fb76b822ac6030cfe8ced1c2
canoe.112.2o7.net,AVAILABILITY,domains.list,domains.list,2026-09-30 10:07:06.137261+00:00,fb76b822ac6030cfe8ced1c2
canottowa.112.2o7.net,AVAILABILITY,domains.list,domains.list,2026-09-30 10:07:06.337609+00:00,fb76b822ac6030cfe8ced1c2
canshowcase.112.2o7.net,AVAILABILITY,domains.list,domains.list,2026-09-30 10:07:06.487892+00:00,fb76b822ac6030cfe8ced1c2
cantire.122.2o7.net,AVAILABILITY,domains.list,domains.list,2026-09-30 10:07:06.840199+00:00,fb76b822ac6030cfe8ced1c2
canwest.112.2o7.net,AVAILABILITY,domains.list,domains.list,2026-09-30 10:07:07.041309+00:00,fb76b822ac6030cfe8ced1c2
canwestglobal.112.2o7.net,AVAILABILITY,domains.list,domains.list,2026-09-30 10:07:07.191159+00:00,fb76b822ac6030cfe8ced1c2
capcityadvcom.112.2o7.net,AVAILABILITY,domains.list,domains.list,2026-09-30 10:07:07.341844+00:00,fb76b822ac6030cfe8ced1c2
capecodonlinecom.112.2o7.net,AVAILABILITY,domains.list,domains.list,2026-09-30 10:07:07.541958+00:00,fb76b822ac6030cfe8ced1c2
capella.122.2o7.net,AVAILABILITY,domains.list,domains.list,2026-09-30 10:07:07.806153+00:00,fb76b822ac6030cfe8ced1c2
capelladev.112.2o7.net,AVAILABILITY,domains.list,domains.list,2026-09-30 10:07:08.009195+00:00,fb76b822ac6030cfe8ced1c2
capellaprod.112.2o7.net,AVAILABILITY,domains.list,domains.list,2026-09-30 10:07:08.209936+00:00,fb76b822ac6030cfe8ced1c2
capitalgroup.112.2o7.net,AVAILABILITY,domains.list,domains.list,2026-09-30 10:07:08.359324+00:00,fb76b822ac6030cfe8ced1c2
caravelgames.112.2o7.net,AVAILABILITY,domains.list,domains.list,2026-09-30 10:07:08.506472+00:00,fb76b822ac6030cfe8ced1c2
cardinalhealth.122.2o7.net,AVAILABILITY,domains.list,domains.list,2026-09-30 10:07:08.656991+00:00,fb76b822ac6030cfe8ced1c2
care2.112.2o7.net,AVAILABILITY,domains.list,domains.list,2026-09-30 10:07:09.047459+00:00,fb76b822ac6030cfe8ced1c2
carfax.112.2o7.net,AVAILABILITY,domains.list,domains.list,2026-09-30 10:07:09.259507+00:00,fb76b822ac6030cfe8ced1c2
carfaxcom.112.2o7.net,AVAILABILITY,domains.list,domains.list,2026-09-30 10:07:09.493922+00:00,fb76b822ac6030cfe8ced1c2
carfaxsubscriberwebsite.112.2o7.net,AVAILABILITY,domains.list,domains.list,2026-09-30 10:07:09.853311+00:00,fb76b822ac6030cfe8ced1c2
carhartt.com.102.112.2o7.net,AVAILABILITY,domains.list,domains.list,2026-09-30 10:07:10.009676+00:00,fb76b822ac6030cfe8ced1c2
carlson.112.2o7.net,AVAILABILITY,domains.list,domains.list,2026-09-30 10:07:10.210676+00:00,fb76b822ac6030cfe8ced1c2
carlsonradisson.112.2o7.net,AVAILABILITY,domains.list,domains.list,2026-09-30 10:07:10.410223+00:00,fb76b822ac6030cfe8ced1c2
carmaxadaptive.112.2o7.net,AVAILABILITY,domains.list,domains.list,2026-09-30 10:07:10.614836+00:00,fb76b822ac6030cfe8ced1c2
cartoonnetwork.122.2o7.net,AVAILABILITY,domains.list,domains.list,2026-09-30 10:07:10.766962+00:00,fb76b822ac6030cfe8ced1c2
cba.122.2o7.net,AVAILABILITY,domains.list,domains.list,2026-09-30 10:07:10.916588+00:00,fb76b822ac6030cfe8ced1c2
cbc.122.2o7.net,AVAILABILITY,domains.list,domains.list,2026-09-30 10:07:11.108499+00:00,fb76b822ac6030cfe8ced1c2
cbcnewmedia.112.2o7.net,AVAILABILITY,domains.list,domains.list,2026-09-30 10:07:11.257810+00:00,fb76b822ac6030cfe8ced1c2
cbglobal.112.2o7.net,AVAILABILITY,domains.list,domains.list,2026-09-30 10:07:11.404288+00:00,fb76b822ac6030cfe8ced1c2
cbmsn.112.2o7.net,AVAILABILITY,domains.list,domains.list,2026-09-30 10:07:11.676011+00:00,fb76b822ac6030cfe8ced1c2
cbn.122.2o7.net,AVAILABILITY,domains.list,domains.list,2026-09-30 10:07:11.826021+00:00,fb76b822ac6030cfe8ced1c2
cbs.112.2o7.net,AVAILABILITY,domains.list,domains.list,2026-09-30 10:07:11.973478+00:00,fb76b822ac6030cfe8ced1c2
cbscom.112.2o7.net,AVAILABILITY,domains.list,domains.list,2026-09-30 10:07:12.246487+00:00,fb76b822ac6030cfe8ced1c2
cbsdigitalmedia.112.2o7.net,AVAILABILITY,domains.list,domains.list,2026-09-30 10:07:12.396118+00:00,fb76b822ac6030cfe8ced1c2
cbsnfl.112.2o7.net,AVAILABILITY,domains.list,domains.list,2026-09-30 10:07:12.637756+00:00,fb76b822ac6030cfe8ced1c2
cbspgatour.112.2o7.net,AVAILABILITY,domains.list,domains.list,2026-09-30 10:07:12.788154+00:00,fb76b822ac6030cfe8ced1c2
cbsspln.112.2o7.net,AVAILABILITY,domains.list,domains.list,2026-09-30 10:07:12.938710+00:00,fb76b822ac6030cfe8ced1c2
cbstelevisiondistribution.112.2o7.net,AVAILABILITY,domains.list,domains.list,2026-09-30 10:07:13.087925+00:00,fb76b822ac6030cfe8ced1c2
ccacheapcaribbean.112.2o7.net,AVAILABILITY,domains.list,domains.list,2026-09-30 10:07:13.237828+00:00,fb76b822ac6030cfe8ced1c2
ccrgaviscom.112.2o7.net,AVAILABILITY,domains.list,domains.list,2026-09-30 10:07:13.586234+00:00,fb76b822ac6030cfe8ced1c2
cdc.112.2o7.net,AVAILABILITY,domains.list,domains.list,2026-09-30 10:07:13.734846+00:00,fb76b822ac6030cfe8ced1c2
cengagecsinfosec.112.2o7.net,AVAILABILITY,domains.list,domains.list,2026-09-30 10:07:14.089964+00:00,fb76b822ac6030cfe8ced1c2
central1creditunion.112.2o7.net,AVAILABILITY,domains.list,domains.list,2026-09-30 10:07:14.324810+00:00,fb76b822ac6030cfe8ced1c2
cfr.112.2o7.net,AVAILABILITY,domains.list,domains.list,2026-09-30 10:07:14.620454+00:00,fb76b822ac6030cfe8ced1c2
chacha.112.2o7.net,AVAILABILITY,domains.list,domains.list,2026-09-30 10:07:14.919284+00:00,fb76b822ac6030cfe8ced1c2
chchoice.112.2o7.net,AVAILABILITY,domains.list,domains.list,2026-09-30 10:07:15.156877+00:00,fb76b822ac6030cfe8ced1c2
chghowardjohnson.112.2o7.net,AVAILABILITY,domains.list,domains.list,2026-09-30 10:07:15.305119+00:00,fb76b822ac6030cfe8ced1c2
chgsupereight.112.2o7.net,AVAILABILITY,domains.list,domains.list,2026-09-30 10:07:15.573589+00:00,fb76b822ac6030cfe8ced1c2
chgwyndham.112.2o7.net,AVAILABILITY,domains.list,domains.list,2026-09-30 10:07:15.720217+00:00,fb76b822ac6030cfe8ced1c2
chicagosuntimes.122.2o7.net,AVAILABILITY,domains.list,domains.list,2026-09-30 10:07:16.013962+00:00,fb76b822ac6030cfe8ced1c2
chumtv.122.2o7.net,AVAILABILITY,domains.list,domains.list,2026-09-30 10:07:16.366393+00:00,fb76b822ac6030cfe8ced1c2
ciaocom.122.2o7.net,AVAILABILITY,domains.list,domains.list,2026-09-30 10:07:16.570990+00:00,fb76b822ac6030cfe8ced1c2
ciaoshopcouk.122.2o7.net,AVAILABILITY,domains.list,domains.list,2026-09-30 10:07:16.772243+00:00,fb76b822ac6030cfe8ced1c2
ciaoshopit.122.2o7.net,AVAILABILITY,domains.list,domains.list,2026-09-30 10:07:16.976152+00:00,fb76b822ac6030cfe8ced1c2
cisco.112.2o7.net,AVAILABILITY,domains.list,domains.list,2026-09-30 10:07:17.182140+00:00,fb76b822ac6030cfe8ced1c2
ciscowebex.112.2o7.net,AVAILABILITY,domains.list,domains.list,2026-09-30 10:07:17.390656+00:00,fb76b822ac6030cfe8ced1c2
citgroup.112.2o7.net,AVAILABILITY,domains.list,domains.list,2026-09-30 10:07:17.596188+00:00,fb76b822ac6030cfe8ced1c2
classicvacations.112.2o7.net,AVAILABILITY,domains.list,domains.list,2026-09-30 10:07:17.886371+00:00,fb76b822ac6030cfe8ced1c2
classifiedventures1.112.2o7.net,AVAILABILITY,domains.list,domains.list,2026-09-30 10:07:18.088669+00:00,fb76b822ac6030cfe8ced1c2
classmatescom.112.2o7.net,AVAILABILITY,domains.list,domains.list,2026-09-30 10:07:18.277531+00:00,fb76b822ac6030cfe8ced1c2
clubmed.112.2o7.net,AVAILABILITY,domains.list,domains.list,2026-09-30 10:07:18.435084+00:00,fb76b822ac6030cfe8ced1c2
clubmom.122.2o7.net,AVAILABILITY,domains.list,domains.list,2026-09-30 10:07:18.587855+00:00,fb76b822ac6030cfe8ced1c2
cluesprod.112.2o7.net,AVAILABILITY,domains.list,domains.list,2026-09-30 10:07:18.734958+00:00,fb76b822ac6030cfe8ced1c2
cmp.112.2o7.net,AVAILABILITY,domains.list,domains.list,2026-09-30 10:07:18.886837+00:00,fb76b822ac6030cfe8ced1c2
cmpdotnetjunkiescom.112.2o7.net,AVAILABILITY,domains.list,domains.list,2026-09-30 10:07:19.089140+00:00,fb76b822ac6030cfe8ced1c2
cmpglobalvista.112.2o7.net,AVAILABILITY,domains.list,domains.list,2026-09-30 10:07:19.393617+00:00,fb76b822ac6030cfe8ced1c2
cmpmedica.112.2o7.net,AVAILABILITY,domains.list,domains.list,2026-09-30 10:07:19.602885+00:00,fb76b822ac6030cfe8ced1c2
cmtvia.112.2o7.net,AVAILABILITY,domains.list,domains.list,2026-09-30 10:07:19.752085+00:00,fb76b822ac6030cfe8ced1c2
cnetasiapacific.122.2o7.net,AVAILABILITY,domains.list,domains.list,2026-09-30 10:07:20.020154+00:00,fb76b822ac6030cfe8ced1c2
cnetaustralia.122.2o7.net,AVAILABILITY,domains.list,domains.list,2026-09-30 10:07:20.172216+00:00,fb76b822ac6030cfe8ced1c2
cneteurope.122.2o7.net,AVAILABILITY,domains.list,domains.list,2026-09-30 10:07:20.467557+00:00,fb76b822ac6030cfe8ced1c2
cnetjapan.122.2o7.net,AVAILABILITY,domains.list,domains.list,2026-09-30 10:07:20.731853+00:00,fb76b822ac6030cfe8ced1c2
cnetnews.112.2o7.net,AVAILABILITY,domains.list,domains.list,2026-09-30 10:07:21.025101+00:00,fb76b822ac6030cfe8ced1c2
cnettech.112.2o7.net,AVAILABILITY,domains.list,domains.list,2026-09-30 10:07:21.408691+00:00,fb76b822ac6030cfe8ced1c2
cnetzdnet.112.2o7.net,AVAILABILITY,domains.list,domains.list,2026-09-30 10:07:21.758987+00:00,fb76b822ac6030cfe8ced1c2
cnheagletribune.112.2o7.net,AVAILABILITY,domains.list,domains.list,2026-09-30 10:07:21.996369+00:00,fb76b822ac6030cfe8ced1c2
cnhiautovertical.122.2o7.net,AVAILABILITY,domains.list,domains.list,2026-09-30 10:07:22.208874+00:00,fb76b822ac6030cfe8ced1c2
cnhibatesvilleheraldtribune.122.2o7.net,AVAILABILITY,domains.list,domains.list,2026-09-30 10:07:22.359230+00:00,fb76b822ac6030cfe8ced1c2
cnhibdtonline.122.2o7.net,AVAILABILITY,domains.list,domains.list,2026-09-30 10:07:22.513079+00:00,fb76b822ac6030cfe8ced1c2
cnhicrossvillechronicle.122.2o7.net,AVAILABILITY,domains.list,domains.list,2026-09-30 10:07:22.835294+00:00,fb76b822ac6030cfe8ced1c2
cnhidailyindependent.122.2o7.net,AVAILABILITY,domains.list,domains.list,2026-09-30 10:07:23.041993+00:00,fb76b822ac6030cfe8ced1c2
cnhieagletribune.122.2o7.net,AVAILABILITY,domains.list,domains.list,2026-09-30 10:07:23.245119+00:00,fb76b822ac6030cfe8ced1c2
cnhienid.122.2o7.net,AVAILABILITY,domains.list,domains.list,2026-09-30 10:07:23.398123+00:00,fb76b822ac6030cfe8ced1c2
cnhijohnstown.122.2o7.net,AVAILABILITY,domains.list,domains.list,2026-09-30 10:07:23.661355+00:00,fb76b822ac6030cfe8ced1c2
cnhijoplinglobe.122.2o7.net,AVAILABILITY,domains.list,domains.list,2026-09-30 10:07:24.020861+00:00,fb76b822ac6030cfe8ced1c2
cnhinewscourier.122.2o7.net,AVAILABILITY,domains.list,domains.list,2026-09-30 10:07:24.230880+00:00,fb76b822ac6030cfe8ced1c2
cnhinewsservicedev.122.2o7.net,AVAILABILITY,domains.list,domains.list,2026-09-30 10:07:24.377181+00:00,fb76b822ac6030cfe8ced1c2
cnhirecordeagle.122.2o7.net,AVAILABILITY,domains.list,domains.list,2026-09-30 10:07:24.523577+00:00,fb76b822ac6030cfe8ced1c2
cnn.122.2o7.net,AVAILABILITY,domains.list,domains.list,2026-09-30 10:07:24.727224+00:00,fb76b822ac6030cfe8ced1c2
cnnglobal.122.2o7.net,AVAILABILITY,domains.list,domains.list,2026-09-30 10:07:24.877557+00:00,fb76b822ac6030cfe8ced1c2
cnnireport.122.2o7.net,AVAILABILITY,domains.list,domains.list,2026-09-30 10:07:25.180783+00:00,fb76b822ac6030cfe8ced1c2
cnocanoecaprod.112.2o7.net,AVAILABILITY,domains.list,domains.list,2026-09-30 10:07:25.332970+00:00,fb76b822ac6030cfe8ced1c2
cnoompprod.112.2o7.net,AVAILABILITY,domains.list,domains.list,2026-09-30 10:07:25.524533+00:00,fb76b822ac6030cfe8ced1c2
computerworldcom.112.2o7.net,AVAILABILITY,domains.list,domains.list,2026-09-30 10:07:25.760337+00:00,fb76b822ac6030cfe8ced1c2
concursolutionseudatacenter.112.2o7.net,AVAILABILITY,domains.list,domains.list,2026-09-30 10:07:26.077812+00:00,fb76b822ac6030cfe8ced1c2
concursolutionsusdatacenter.112.2o7.net,AVAILABILITY,domains.list,domains.list,2026-09-30 10:07:26.289988+00:00,fb76b822ac6030cfe8ced1c2
condeconsumermarketing.112.2o7.net,AVAILABILITY,domains.list,domains.list,2026-09-30 10:07:26.441849+00:00,fb76b822ac6030cfe8ced1c2
condenast.112.2o7.net,AVAILABILITY,domains.list,domains.list,2026-09-30 10:07:26.596285+00:00,fb76b822ac6030cfe8ced1c2
conpst.112.2o7.net,AVAILABILITY,domains.list,domains.list,2026-09-30 10:07:26.744486+00:00,fb76b822ac6030cfe8ced1c2
cookingcom.112.2o7.net,AVAILABILITY,domains.list,domains.list,2026-09-30 10:07:26.949737+00:00,fb76b822ac6030cfe8ced1c2
corelcom.112.2o7.net,AVAILABILITY,domains.list,domains.list,2026-09-30 10:07:27.159024+00:00,fb76b822ac6030cfe8ced1c2
corelividkds.112.2o7.net,AVAILABILITY,domains.list,domains.list,2026-09-30 10:07:27.310342+00:00,fb76b822ac6030cfe8ced1c2
coreluk.112.2o7.net,AVAILABILITY,domains.list,domains.list,2026-09-30 10:07:27.522837+00:00,fb76b822ac6030cfe8ced1c2
corinthiancolleges.112.2o7.net,AVAILABILITY,domains.list,domains.list,2026-09-30 10:07:27.679221+00:00,fb76b822ac6030cfe8ced1c2
corporationservicecompany.112.2o7.net,AVAILABILITY,domains.list,domains.list,2026-09-30 10:07:27.972611+00:00,fb76b822ac6030cfe8ced1c2
costargroup.112.2o7.net,AVAILABILITY,domains.list,domains.list,2026-09-30 10:07:28.173673+00:00,fb76b822ac6030cfe8ced1c2
coty.122.2o7.net,AVAILABILITY,domains.list,domains.list,2026-09-30 10:07:28.380698+00:00,fb76b822ac6030cfe8ced1c2
couhome.112.2o7.net,AVAILABILITY,domains.list,domains.list,2026-09-30 10:07:28.761991+00:00,fb76b822ac6030cfe8ced1c2
couponchief.122.2o7.net,AVAILABILITY,domains.list,domains.list,2026-09-30 10:07:28.923322+00:00,fb76b822ac6030cfe8ced1c2
coxhsi.112.2o7.net,AVAILABILITY,domains.list,domains.list,2026-09-30 10:07:29.124378+00:00,fb76b822ac6030cfe8ced1c2
coxnet.112.2o7.net,AVAILABILITY,domains.list,domains.list,2026-09-30 10:07:29.324120+00:00,fb76b822ac6030cfe8ced1c2
coxnetmasterglobal.112.2o7.net,AVAILABILITY,domains.list,domains.list,2026-09-30 10:07:29.680104+00:00,fb76b822ac6030cfe8ced1c2
cpfprd.112.2o7.net,AVAILABILITY,domains.list,domains.list,2026-09-30 10:07:29.918461+00:00,fb76b822ac6030cfe8ced1c2
cpocommerceinc.112.2o7.net,AVAILABILITY,domains.list,domains.list,2026-09-30 10:07:30.127499+00:00,fb76b822ac6030cfe8ced1c2
cpusall.112.2o7.net,AVAILABILITY,domains.list,domains.list,2026-09-30 10:07:30.329927+00:00,fb76b822ac6030cfe8ced1c2
createthegroup.122.2o7.net,AVAILABILITY,domains.list,domains.list,2026-09-30 10:07:30.564447+00:00,fb76b822ac6030cfe8ced1c2
creditcardscom.112.2o7.net,AVAILABILITY,domains.list,domains.list,2026-09-30 10:07:30.768176+00:00,fb76b822ac6030cfe8ced1c2
cruisecritic.112.2o7.net,AVAILABILITY,domains.list,domains.list,2026-09-30 10:07:30.921538+00:00,fb76b822ac6030cfe8ced1c2
cs.analytics.lego.com,AVAILABILITY,domains.list,domains.list,2026-09-30 10:07:31.194554+00:00,fb76b822ac6030cfe8ced1c2
csaisonmail.122.2o7.net,AVAILABILITY,domains.list,domains.list,2026-09-30 10:07:31.489330+00:00,fb76b822ac6030cfe8ced1c2
csoonlinecom.112.2o7.net,AVAILABILITY,domains.list,domains.list,2026-09-30 10:07:31.725352+00:00,fb76b822ac6030cfe8ced1c2
ctvcrimelibrary.112.2o7.net,AVAILABILITY,domains.list,domains.list,2026-09-30 10:07:31.876761+00:00,fb76b822ac6030cfe8ced1c2
ctvmaincom.112.2o7.net,AVAILABILITY,domains.list,domains.list,2026-09-30 10:07:32.080077+00:00,fb76b822ac6030cfe8ced1c2
ctvsmokinggun.112.2o7.net,AVAILABILITY,domains.list,domains.list,2026-09-30 10:07:32.377278+00:00,fb76b822ac6030cfe8ced1c2
ctvtsgtv.112.2o7.net,AVAILABILITY,domains.list,domains.list,2026-09-30 10:07:32.670254+00:00,fb76b822ac6030cfe8ced1c2
cwnetworkmparticle.112.2o7.net,AVAILABILITY,domains.list,domains.list,2026-09-30 10:07:32.911565+00:00,fb76b822ac6030cfe8ced1c2
cwportal.112.2o7.net,AVAILABILITY,domains.list,domains.list,2026-09-30 10:07:33.134690+00:00,fb76b822ac6030cfe8ced1c2
cxociocom.112.2o7.net,AVAILABILITY,domains.list,domains.list,2026-09-30 10:07:33.347848+00:00,fb76b822ac6030cfe8ced1c2
cxocomdev.112.2o7.net,AVAILABILITY,domains.list,domains.list,2026-09-30 10:07:33.644389+00:00,fb76b822ac6030cfe8ced1c2
cyberagent.122.2o7.net,AVAILABILITY,domains.list,domains.list,2026-09-30 10:07:33.846220+00:00,fb76b822ac6030cfe8ced1c2
cyberdefender.122.2o7.net,AVAILABILITY,domains.list,domains.list,2026-09-30 10:07:34.139935+00:00,fb76b822ac6030cfe8ced1c2
dailyheraldpaddockpublication.112.2o7.net,AVAILABILITY,domains.list,domains.list,2026-09-30 10:07:34.312151+00:00,fb76b822ac6030cfe8ced1c2
daimlerag.122.2o7.net,AVAILABILITY,domains.list,domains.list,2026-09-30 10:07:34.548778+00:00,fb76b822ac6030cfe8ced1c2
daiwashoken.112.2o7.net,AVAILABILITY,domains.list,domains.list,2026-09-30 10:07:34.697185+00:00,fb76b822ac6030cfe8ced1c2
dardenrestaurants.112.2o7.net,AVAILABILITY,domains.list,domains.list,2026-09-30 10:07:34.851627+00:00,fb76b822ac6030cfe8ced1c2
dealnews.122.2o7.net,AVAILABILITY,domains.list,domains.list,2026-09-30 10:07:35.003296+00:00,fb76b822ac6030cfe8ced1c2
deckers.112.2o7.net,AVAILABILITY,domains.list,domains.list,2026-09-30 10:07:35.207848+00:00,fb76b822ac6030cfe8ced1c2
delightful.112.2o7.net,AVAILABILITY,domains.list,domains.list,2026-09-30 10:07:35.560836+00:00,fb76b822ac6030cfe8ced1c2
deloitte.122.2o7.net,AVAILABILITY,domains.list,domains.list,2026-09-30 10:07:35.711268+00:00,fb76b822ac6030cfe8ced1c2
delphicom.112.2o7.net,AVAILABILITY,domains.list,domains.list,2026-09-30 10:07:35.999937+00:00,fb76b822ac6030cfe8ced1c2
dennispublishing.112.2o7.net,AVAILABILITY,domains.list,domains.list,2026-09-30 10:07:36.320721+00:00,fb76b822ac6030cfe8ced1c2
denverpost.112.2o7.net,AVAILABILITY,domains.list,domains.list,2026-09-30 10:07:36.526480+00:00,fb76b822ac6030cfe8ced1c2
deseretnews.112.2o7.net,AVAILABILITY,domains.list,domains.list,2026-09-30 10:07:36.889660+00:00,fb76b822ac6030cfe8ced1c2
developjapan.122.2o7.net,AVAILABILITY,domains.list,domains.list,2026-09-30 10:07:37.129506+00:00,fb76b822ac6030cfe8ced1c2
dexdexprod.112.2o7.net,AVAILABILITY,domains.list,domains.list,2026-09-30 10:07:37.331187+00:00,fb76b822ac6030cfe8ced1c2
dfbfussballdeprod.112.2o7.net,AVAILABILITY,domains.list,domains.list,2026-09-30 10:07:37.483155+00:00,fb76b822ac6030cfe8ced1c2
dgag.112.2o7.net,AVAILABILITY,domains.list,domains.list,2026-09-30 10:07:37.719881+00:00,fb76b822ac6030cfe8ced1c2
digitalinsight.com.102.122.2o7.net,AVAILABILITY,domains.list,domains.list,2026-09-30 10:07:38.016373+00:00,fb76b822ac6030cfe8ced1c2
dillards.112.2o7.net,AVAILABILITY,domains.list,domains.list,2026-09-30 10:07:38.217693+00:00,fb76b822ac6030cfe8ced1c2
discovercard.112.2o7.net,AVAILABILITY,domains.list,domains.list,2026-09-30 10:07:38.419884+00:00,fb76b822ac6030cfe8ced1c2
discoverydpgolfglobal.112.2o7.net,AVAILABILITY,domains.list,domains.list,2026-09-30 10:07:38.768959+00:00,fb76b822ac6030cfe8ced1c2
divx.112.2o7.net,AVAILABILITY,domains.list,domains.list,2026-09-30 10:07:38.922807+00:00,fb76b822ac6030cfe8ced1c2
dixonscouk.112.2o7.net,AVAILABILITY,domains.list,domains.list,2026-09-30 10:07:39.084435+00:00,fb76b822ac6030cfe8ced1c2
dmcontactmanagement.122.2o7.net,AVAILABILITY,domains.list,domains.list,2026-09-30 10:07:39.297011+00:00,fb76b822ac6030cfe8ced1c2
dmvguidecom.112.2o7.net,AVAILABILITY,domains.list,domains.list,2026-09-30 10:07:39.622601+00:00,fb76b822ac6030cfe8ced1c2
doctorsassociatesrx.112.2o7.net,AVAILABILITY,domains.list,domains.list,2026-09-30 10:07:39.824674+00:00,fb76b822ac6030cfe8ced1c2
dominionenterprises.112.2o7.net,AVAILABILITY,domains.list,domains.list,2026-09-30 10:07:39.991843+00:00,fb76b822ac6030cfe8ced1c2
dotster.112.2o7.net,AVAILABILITY,domains.list,domains.list,2026-09-30 10:07:40.197533+00:00,fb76b822ac6030cfe8ced1c2
dotsterdomaincom.112.2o7.net,AVAILABILITY,domains.list,domains.list,2026-09-30 10:07:40.405318+00:00,fb76b822ac6030cfe8ced1c2
dotsterdotsteraug08.112.2o7.net,AVAILABILITY,domains.list,domains.list,2026-09-30 10:07:40.555118+00:00,fb76b822ac6030cfe8ced1c2
dpagcoagcoglobal.112.2o7.net,AVAILABILITY,domains.list,domains.list,2026-09-30 10:07:40.849194+00:00,fb76b822ac6030cfe8ced1c2
dpiprodesntls.112.2o7.net,AVAILABILITY,domains.list,domains.list,2026-09-30 10:07:41.057312+00:00,fb76b822ac6030cfe8ced1c2
dragerwerk.122.2o7.net,AVAILABILITY,domains.list,domains.list,2026-09-30 10:07:41.381355+00:00,fb76b822ac6030cfe8ced1c2
dreamhome.112.2o7.net,AVAILABILITY,domains.list,domains.list,2026-09-30 10:07:41.532280+00:00,fb76b822ac6030cfe8ced1c2
dstsscfscomportalprod.112.2o7.net,AVAILABILITY,domains.list,domains.list,2026-09-30 10:07:41.681109+00:00,fb76b822ac6030cfe8ced1c2
dtag.112.2o7.net,AVAILABILITY,domains.list,domains.list,2026-09-30 10:07:41.830133+00:00,fb76b822ac6030cfe8ced1c2
dummy.112.2o7.net,AVAILABILITY,domains.list,domains.list,2026-09-30 10:07:41.984848+00:00,fb76b822ac6030cfe8ced1c2
dunandbradstreet.122.2o7.net,AVAILABILITY,domains.list,domains.list,2026-09-30 10:07:42.342151+00:00,fb76b822ac6030cfe8ced1c2
eaeacom.112.2o7.net,AVAILABILITY,domains.list,domains.list,2026-09-30 10:07:42.549801+00:00,fb76b822ac6030cfe8ced1c2
eagamesuk.112.2o7.net,AVAILABILITY,domains.list,domains.list,2026-09-30 10:07:42.753598+00:00,fb76b822ac6030cfe8ced1c2
eaglemiles.112.2o7.net,AVAILABILITY,domains.list,domains.list,2026-09-30 10:07:42.955682+00:00,fb76b822ac6030cfe8ced1c2
eapogocom.112.2o7.net,AVAILABILITY,domains.list,domains.list,2026-09-30 10:07:43.256089+00:00,fb76b822ac6030cfe8ced1c2
earthlink.122.2o7.net,AVAILABILITY,domains.list,domains.list,2026-09-30 10:07:43.459802+00:00,fb76b822ac6030cfe8ced1c2
earthlnkpsplive.122.2o7.net,AVAILABILITY,domains.list,domains.list,2026-09-30 10:07:43.749529+00:00,fb76b822ac6030cfe8ced1c2
edietsmain.112.2o7.net,AVAILABILITY,domains.list,domains.list,2026-09-30 10:07:43.910446+00:00,fb76b822ac6030cfe8ced1c2
edmunds.112.2o7.net,AVAILABILITY,domains.list,domains.list,2026-09-30 10:07:44.297236+00:00,fb76b822ac6030cfe8ced1c2
edsa.122.2o7.net,AVAILABILITY,domains.list,domains.list,2026-09-30 10:07:44.596329+00:00,fb76b822ac6030cfe8ced1c2
educationmanagementllc.112.2o7.net,AVAILABILITY,domains.list,domains.list,2026-09-30 10:07:44.799385+00:00,fb76b822ac6030cfe8ced1c2
efashionsolutions.122.2o7.net,AVAILABILITY,domains.list,domains.list,2026-09-30 10:07:45.173289+00:00,fb76b822ac6030cfe8ced1c2
ehadvicedev.112.2o7.net,AVAILABILITY,domains.list,domains.list,2026-09-30 10:07:45.406568+00:00,fb76b822ac6030cfe8ced1c2
eharmony.112.2o7.net,AVAILABILITY,domains.list,domains.list,2026-09-30 10:07:45.587002+00:00,fb76b822ac6030cfe8ced1c2
electronicarts.112.2o7.net,AVAILABILITY,domains.list,domains.list,2026-09-30 10:07:45.790864+00:00,fb76b822ac6030cfe8ced1c2
elkjop.112.2o7.net,AVAILABILITY,domains.list,domains.list,2026-09-30 10:07:45.958130+00:00,fb76b822ac6030cfe8ced1c2
eloqua.122.2o7.net,AVAILABILITY,domains.list,domains.list,2026-09-30 10:07:46.108183+00:00,fb76b822ac6030cfe8ced1c2
emblhthdevelopment.112.2o7.net,AVAILABILITY,domains.list,domains.list,2026-09-30 10:07:46.326223+00:00,fb76b822ac6030cfe8ced1c2
emc.122.2o7.net,AVAILABILITY,domains.list,domains.list,2026-09-30 10:07:46.502261+00:00,fb76b822ac6030cfe8ced1c2
enterprisemediagroup.112.2o7.net,AVAILABILITY,domains.list,domains.list,2026-09-30 10:07:46.664085+00:00,fb76b822ac6030cfe8ced1c2
entrepreneur.122.2o7.net,AVAILABILITY,domains.list,domains.list,2026-09-30 10:07:46.816521+00:00,fb76b822ac6030cfe8ced1c2
entrepreneurpoc.122.2o7.net,AVAILABILITY,domains.list,domains.list,2026-09-30 10:07:46.994590+00:00,fb76b822ac6030cfe8ced1c2
epebuild.112.2o7.net,AVAILABILITY,domains.list,domains.list,2026-09-30 10:07:47.142326+00:00,fb76b822ac6030cfe8ced1c2
eplans.112.2o7.net,AVAILABILITY,domains.list,domains.list,2026-09-30 10:07:47.289937+00:00,fb76b822ac6030cfe8ced1c2
epocrates.112.2o7.net,AVAILABILITY,domains.list,domains.list,2026-09-30 10:07:47.505709+00:00,fb76b822ac6030cfe8ced1c2
eremedia.112.2o7.net,AVAILABILITY,domains.list,domains.list,2026-09-30 10:07:47.655384+00:00,fb76b822ac6030cfe8ced1c2
erstegroupholding.112.2o7.net,AVAILABILITY,domains.list,domains.list,2026-09-30 10:07:47.803007+00:00,fb76b822ac6030cfe8ced1c2
eset.122.2o7.net,AVAILABILITY,domains.list,domains.list,2026-09-30 10:07:47.955081+00:00,fb76b822ac6030cfe8ced1c2
eucpelgraficoprod.112.2o7.net,AVAILABILITY,domains.list,domains.list,2026-09-30 10:07:48.104779+00:00,fb76b822ac6030cfe8ced1c2
eucpviveusaprod.112.2o7.net,AVAILABILITY,domains.list,domains.list,2026-09-30 10:07:48.254272+00:00,fb76b822ac6030cfe8ced1c2
eurostar.122.2o7.net,AVAILABILITY,domains.list,domains.list,2026-09-30 10:07:48.466159+00:00,fb76b822ac6030cfe8ced1c2
eventbrite.122.2o7.net,AVAILABILITY,domains.list,domains.list,2026-09-30 10:07:48.614038+00:00,fb76b822ac6030cfe8ced1c2
evepdaggiesports.112.2o7.net,AVAILABILITY,domains.list,domains.list,2026-09-30 10:07:48.766193+00:00,fb76b822ac6030cfe8ced1c2
evepdaikencom.112.2o7.net,AVAILABILITY,domains.list,domains.list,2026-09-30 10:07:48.916789+00:00,fb76b822ac6030cfe8ced1c2
evepdbrazossports.112.2o7.net,AVAILABILITY,domains.list,domains.list,2026-09-30 10:07:49.066970+00:00,fb76b822ac6030cfe8ced1c2
evepdcharleston.112.2o7.net,AVAILABILITY,domains.list,domains.list,2026-09-30 10:07:49.216738+00:00,fb76b822ac6030cfe8ced1c2
evepdeagledev.112.2o7.net,AVAILABILITY,domains.list,domains.list,2026-09-30 10:07:49.571175+00:00,fb76b822ac6030cfe8ced1c2
ewsabilene.112.2o7.net,AVAILABILITY,domains.list,domains.list,2026-09-30 10:07:49.840782+00:00,fb76b822ac6030cfe8ced1c2
ewscorpuschristi.112.2o7.net,AVAILABILITY,domains.list,domains.list,2026-09-30 10:07:49.991779+00:00,fb76b822ac6030cfe8ced1c2
ewscripps.112.2o7.net,AVAILABILITY,domains.list,domains.list,2026-09-30 10:07:50.228832+00:00,fb76b822ac6030cfe8ced1c2
ewsmemphis.112.2o7.net,AVAILABILITY,domains.list,domains.list,2026-09-30 10:07:50.491363+00:00,fb76b822ac6030cfe8ced1c2
ewsnaples.112.2o7.net,AVAILABILITY,domains.list,domains.list,2026-09-30 10:07:50.641964+00:00,fb76b822ac6030cfe8ced1c2
ewsventura.112.2o7.net,AVAILABILITY,domains.list,domains.list,2026-09-30 10:07:50.937109+00:00,fb76b822ac6030cfe8ced1c2
examinercom.122.2o7.net,AVAILABILITY,domains.list,domains.list,2026-09-30 10:07:51.085233+00:00,fb76b822ac6030cfe8ced1c2
examplecom.112.2o7.net,AVAILABILITY,domains.list,domains.list,2026-09-30 10:07:51.442170+00:00,fb76b822ac6030cfe8ced1c2
expedia1.112.2o7.net,AVAILABILITY,domains.list,domains.list,2026-09-30 10:07:51.595351+00:00,fb76b822ac6030cfe8ced1c2
expedia6vt.112.2o7.net,AVAILABILITY,domains.list,domains.list,2026-09-30 10:07:51.885207+00:00,fb76b822ac6030cfe8ced1c2
expedia8.112.2o7.net,AVAILABILITY,domains.list,domains.list,2026-09-30 10:07:52.045973+00:00,fb76b822ac6030cfe8ced1c2
experianservicescorp.122.2o7.net,AVAILABILITY,domains.list,domains.list,2026-09-30 10:07:52.250718+00:00,fb76b822ac6030cfe8ced1c2
expertsexchange.112.2o7.net,AVAILABILITY,domains.list,domains.list,2026-09-30 10:07:52.455148+00:00,fb76b822ac6030cfe8ced1c2
extrovert.122.2o7.net,AVAILABILITY,domains.list,domains.list,2026-09-30 10:07:52.671125+00:00,fb76b822ac6030cfe8ced1c2
eycnlprod.112.2o7.net,AVAILABILITY,domains.list,domains.list,2026-09-30 10:07:52.903363+00:00,fb76b822ac6030cfe8ced1c2
ezgds.112.2o7.net,AVAILABILITY,domains.list,domains.list,2026-09-30 10:07:53.053198+00:00,fb76b822ac6030cfe8ced1c2
f2communitynews.112.2o7.net,AVAILABILITY,domains.list,domains.list,2026-09-30 10:07:53.408720+00:00,fb76b822ac6030cfe8ced1c2
f2nbt.112.2o7.net,AVAILABILITY,domains.list,domains.list,2026-09-30 10:07:53.646217+00:00,fb76b822ac6030cfe8ced1c2
f2network.112.2o7.net,AVAILABILITY,domains.list,domains.list,2026-09-30 10:07:53.795904+00:00,fb76b822ac6030cfe8ced1c2
f2nmycareer.112.2o7.net,AVAILABILITY,domains.list,domains.list,2026-09-30 10:07:53.945794+00:00,fb76b822ac6030cfe8ced1c2
f2nsmh.112.2o7.net,AVAILABILITY,domains.list,domains.list,2026-09-30 10:07:54.204981+00:00,fb76b822ac6030cfe8ced1c2
f2ntheage.112.2o7.net,AVAILABILITY,domains.list,domains.list,2026-09-30 10:07:54.558405+00:00,fb76b822ac6030cfe8ced1c2
f5networksdevcentralprod.122.2o7.net,AVAILABILITY,domains.list,domains.list,2026-09-30 10:07:54.712782+00:00,fb76b822ac6030cfe8ced1c2
f5networksthreatstackprod.122.2o7.net,AVAILABILITY,domains.list,domains.list,2026-09-30 10:07:55.012184+00:00,fb76b822ac6030cfe8ced1c2
facebookinc.122.2o7.net,AVAILABILITY,domains.list,domains.list,2026-09-30 10:07:55.249133+00:00,fb76b822ac6030cfe8ced1c2
factiva.122.2o7.net,AVAILABILITY,domains.list,domains.list,2026-09-30 10:07:55.548138+00:00,fb76b822ac6030cfe8ced1c2
fanatics.112.2o7.net,AVAILABILITY,domains.list,domains.list,2026-09-30 10:07:55.699148+00:00,fb76b822ac6030cfe8ced1c2
farecastcom.122.2o7.net,AVAILABILITY,domains.list,domains.list,2026-09-30 10:07:55.853025+00:00,fb76b822ac6030cfe8ced1c2
fbfredericksburgcom.112.2o7.net,AVAILABILITY,domains.list,domains.list,2026-09-30 10:07:56.063048+00:00,fb76b822ac6030cfe8ced1c2
fcaapacjeepstylejapan.112.2o7.net,AVAILABILITY,domains.list,domains.list,2026-09-30 10:07:56.452960+00:00,fb76b822ac6030cfe8ced1c2
fdic.122.2o7.net,AVAILABILITY,domains.list,domains.list,2026-09-30 10:07:56.747996+00:00,fb76b822ac6030cfe8ced1c2
figlobal.112.2o7.net,AVAILABILITY,domains.list,domains.list,2026-09-30 10:07:56.904917+00:00,fb76b822ac6030cfe8ced1c2
fim.122.2o7.net,AVAILABILITY,domains.list,domains.list,2026-09-30 10:07:57.054153+00:00,fb76b822ac6030cfe8ced1c2
flyingmag.com.122.2o7.net,AVAILABILITY,domains.list,domains.list,2026-09-30 10:07:57.331532+00:00,fb76b822ac6030cfe8ced1c2
ford.112.2o7.net,AVAILABILITY,domains.list,domains.list,2026-09-30 10:07:57.549065+00:00,fb76b822ac6030cfe8ced1c2
foxamw.112.2o7.net,AVAILABILITY,domains.list,domains.list,2026-09-30 10:07:57.753250+00:00,fb76b822ac6030cfe8ced1c2
foxcom.112.2o7.net,AVAILABILITY,domains.list,domains.list,2026-09-30 10:07:57.905162+00:00,fb76b822ac6030cfe8ced1c2
foxidol.112.2o7.net,AVAILABILITY,domains.list,domains.list,2026-09-30 10:07:58.057928+00:00,fb76b822ac6030cfe8ced1c2
foxinteractivemedia.122.2o7.net,AVAILABILITY,domains.list,domains.list,2026-09-30 10:07:58.357477+00:00,fb76b822ac6030cfe8ced1c2
fujielectricholdings.112.2o7.net,AVAILABILITY,domains.list,domains.list,2026-09-30 10:07:58.512302+00:00,fb76b822ac6030cfe8ced1c2
furniturecom.112.2o7.net,AVAILABILITY,domains.list,domains.list,2026-09-30 10:07:58.814198+00:00,fb76b822ac6030cfe8ced1c2
furnlevitz.112.2o7.net,AVAILABILITY,domains.list,domains.list,2026-09-30 10:07:59.059619+00:00,fb76b822ac6030cfe8ced1c2
fusetv.112.2o7.net,AVAILABILITY,domains.list,domains.list,2026-09-30 10:07:59.278846+00:00,fb76b822ac6030cfe8ced1c2
fwmedia.122.2o7.net,AVAILABILITY,domains.list,domains.list,2026-09-30 10:07:59.432542+00:00,fb76b822ac6030cfe8ced1c2
g2.112.2o7.net,AVAILABILITY,domains.list,domains.list,2026-09-30 10:07:59.586298+00:00,fb76b822ac6030cfe8ced1c2
gap.112.2o7.net,AVAILABILITY,domains.list,domains.list,2026-09-30 10:07:59.835184+00:00,fb76b822ac6030cfe8ced1c2
gapincintranetprod.112.2o7.net,AVAILABILITY,domains.list,domains.list,2026-09-30 10:08:00.075489+00:00,fb76b822ac6030cfe8ced1c2
gatehousemedia.122.2o7.net,AVAILABILITY,domains.list,domains.list,2026-09-30 10:08:00.228785+00:00,fb76b822ac6030cfe8ced1c2
gateway.122.2o7.net,AVAILABILITY,domains.list,domains.list,2026-09-30 10:08:00.617486+00:00,fb76b822ac6030cfe8ced1c2
geaviation.112.2o7.net,AVAILABILITY,domains.list,domains.list,2026-09-30 10:08:00.769444+00:00,fb76b822ac6030cfe8ced1c2
geconsumerfinance.112.2o7.net,AVAILABILITY,domains.list,domains.list,2026-09-30 10:08:01.006713+00:00,fb76b822ac6030cfe8ced1c2
gemoneysinsbicard2.112.2o7.net,AVAILABILITY,domains.list,domains.list,2026-09-30 10:08:01.162488+00:00,fb76b822ac6030cfe8ced1c2
genetree.112.2o7.net,AVAILABILITY,domains.list,domains.list,2026-09-30 10:08:01.521207+00:00,fb76b822ac6030cfe8ced1c2
geosign.112.2o7.net,AVAILABILITY,domains.list,domains.list,2026-09-30 10:08:01.735795+00:00,fb76b822ac6030cfe8ced1c2
gianteagle.122.2o7.net,AVAILABILITY,domains.list,domains.list,2026-09-30 10:08:02.035099+00:00,fb76b822ac6030cfe8ced1c2
gifastcompanycom.112.2o7.net,AVAILABILITY,domains.list,domains.list,2026-09-30 10:08:02.391018+00:00,fb76b822ac6030cfe8ced1c2
giftscom.122.2o7.net,AVAILABILITY,domains.list,domains.list,2026-09-30 10:08:02.684514+00:00,fb76b822ac6030cfe8ced1c2
gjfastcompanycom.112.2o7.net,AVAILABILITY,domains.list,domains.list,2026-09-30 10:08:02.888589+00:00,fb76b822ac6030cfe8ced1c2
gjincscobleizer.112.2o7.net,AVAILABILITY,domains.list,domains.list,2026-09-30 10:08:03.043290+00:00,fb76b822ac6030cfe8ced1c2
gmglobalt3sites.112.2o7.net,AVAILABILITY,domains.list,domains.list,2026-09-30 10:08:03.386278+00:00,fb76b822ac6030cfe8ced1c2
gmgmacfs.112.2o7.net,AVAILABILITY,domains.list,domains.list,2026-09-30 10:08:03.538660+00:00,fb76b822ac6030cfe8ced1c2
gmgmacmortgage.112.2o7.net,AVAILABILITY,domains.list,domains.list,2026-09-30 10:08:03.781314+00:00,fb76b822ac6030cfe8ced1c2
gmgmcard.112.2o7.net,AVAILABILITY,domains.list,domains.list,2026-09-30 10:08:04.081306+00:00,fb76b822ac6030cfe8ced1c2
gmgmcom.112.2o7.net,AVAILABILITY,domains.list,domains.list,2026-09-30 10:08:04.329565+00:00,fb76b822ac6030cfe8ced1c2
gmgoodwrench.112.2o7.net,AVAILABILITY,domains.list,domains.list,2026-09-30 10:08:04.482958+00:00,fb76b822ac6030cfe8ced1c2
gmgoodwrenchdmaprod.112.2o7.net,AVAILABILITY,domains.list,domains.list,2026-09-30 10:08:04.807256+00:00,fb76b822ac6030cfe8ced1c2
gmointernet.112.2o7.net,AVAILABILITY,domains.list,domains.list,2026-09-30 10:08:04.959583+00:00,fb76b822ac6030cfe8ced1c2
gntbcstglobal.112.2o7.net,AVAILABILITY,domains.list,domains.list,2026-09-30 10:08:05.117270+00:00,fb76b822ac6030cfe8ced1c2
gntbcstkare.112.2o7.net,AVAILABILITY,domains.list,domains.list,2026-09-30 10:08:05.412722+00:00,fb76b822ac6030cfe8ced1c2
gntbcstksdk.112.2o7.net,AVAILABILITY,domains.list,domains.list,2026-09-30 10:08:05.791775+00:00,fb76b822ac6030cfe8ced1c2
gntbcstkthv.112.2o7.net,AVAILABILITY,domains.list,domains.list,2026-09-30 10:08:06.153130+00:00,fb76b822ac6030cfe8ced1c2
gntbcstkusa.112.2o7.net,AVAILABILITY,domains.list,domains.list,2026-09-30 10:08:06.480187+00:00,fb76b822ac6030cfe8ced1c2
gntbcstkxtv.112.2o7.net,AVAILABILITY,domains.list,domains.list,2026-09-30 10:08:06.631746+00:00,fb76b822ac6030cfe8ced1c2
gntbcstwbir.112.2o7.net,AVAILABILITY,domains.list,domains.list,2026-09-30 10:08:06.788252+00:00,fb76b822ac6030cfe8ced1c2
gntbcstwcsh.112.2o7.net,AVAILABILITY,domains.list,domains.list,2026-09-30 10:08:07.027308+00:00,fb76b822ac6030cfe8ced1c2
gntbcstwfmy.112.2o7.net,AVAILABILITY,domains.list,domains.list,2026-09-30 10:08:07.175649+00:00,fb76b822ac6030cfe8ced1c2
gntbcstwkyc.112.2o7.net,AVAILABILITY,domains.list,domains.list,2026-09-30 10:08:07.331096+00:00,fb76b822ac6030cfe8ced1c2
gntbcstwlbz.112.2o7.net,AVAILABILITY,domains.list,domains.list,2026-09-30 10:08:07.533821+00:00,fb76b822ac6030cfe8ced1c2
gntbcstwltx.112.2o7.net,AVAILABILITY,domains.list,domains.list,2026-09-30 10:08:07.737331+00:00,fb76b822ac6030cfe8ced1c2
gntbcstwmaz.112.2o7.net,AVAILABILITY,domains.list,domains.list,2026-09-30 10:08:07.982248+00:00,fb76b822ac6030cfe8ced1c2
gntbcstwtlv.112.2o7.net,AVAILABILITY,domains.list,domains.list,2026-09-30 10:08:08.132289+00:00,fb76b822ac6030cfe8ced1c2
gntbcstwtsp.112.2o7.net,AVAILABILITY,domains.list,domains.list,2026-09-30 10:08:08.336228+00:00,fb76b822ac6030cfe8ced1c2
gntbcstwusa.112.2o7.net,AVAILABILITY,domains.list,domains.list,2026-09-30 10:08:08.672214+00:00,fb76b822ac6030cfe8ced1c2
gntbcstwxia.112.2o7.net,AVAILABILITY,domains.list,domains.list,2026-09-30 10:08:08.940804+00:00,fb76b822ac6030cfe8ced1c2
gntbcstwzzm.112.2o7.net,AVAILABILITY,domains.list,domains.list,2026-09-30 10:08:09.089027+00:00,fb76b822ac6030cfe8ced1c2
goodyear.122.2o7.net,AVAILABILITY,domains.list,domains.list,2026-09-30 10:08:09.300617+00:00,fb76b822ac6030cfe8ced1c2
gourmetgiftbaskets.112.2o7.net,AVAILABILITY,domains.list,domains.list,2026-09-30 10:08:09.542047+00:00,fb76b822ac6030cfe8ced1c2
gpaper107.112.2o7.net,AVAILABILITY,domains.list,domains.list,2026-09-30 10:08:09.930358+00:00,fb76b822ac6030cfe8ced1c2
gpapercareer.112.2o7.net,AVAILABILITY,domains.list,domains.list,2026-09-30 10:08:10.084973+00:00,fb76b822ac6030cfe8ced1c2
gpapermom104.112.2o7.net,AVAILABILITY,domains.list,domains.list,2026-09-30 10:08:10.384769+00:00,fb76b822ac6030cfe8ced1c2
grunerandjahr.112.2o7.net,AVAILABILITY,domains.list,domains.list,2026-09-30 10:08:10.690019+00:00,fb76b822ac6030cfe8ced1c2
gsgir.122.2o7.net,AVAILABILITY,domains.list,domains.list,2026-09-30 10:08:10.896290+00:00,fb76b822ac6030cfe8ced1c2
gsicpbs.112.2o7.net,AVAILABILITY,domains.list,domains.list,2026-09-30 10:08:11.109669+00:00,fb76b822ac6030cfe8ced1c2
guj.122.2o7.net,AVAILABILITY,domains.list,domains.list,2026-09-30 10:08:11.327281+00:00,fb76b822ac6030cfe8ced1c2
guthyrenker.112.2o7.net,AVAILABILITY,domains.list,domains.list,2026-09-30 10:08:11.477595+00:00,fb76b822ac6030cfe8ced1c2
hallmarkibmcom.112.2o7.net,AVAILABILITY,domains.list,domains.list,2026-09-30 10:08:11.629636+00:00,fb76b822ac6030cfe8ced1c2
harconsumer.112.2o7.net,AVAILABILITY,domains.list,domains.list,2026-09-30 10:08:11.878568+00:00,fb76b822ac6030cfe8ced1c2
harpo.122.2o7.net,AVAILABILITY,domains.list,domains.list,2026-09-30 10:08:12.064293+00:00,fb76b822ac6030cfe8ced1c2
harrahs.112.2o7.net,AVAILABILITY,domains.list,domains.list,2026-09-30 10:08:12.334689+00:00,fb76b822ac6030cfe8ced1c2
harrahscom.112.2o7.net,AVAILABILITY,domains.list,domains.list,2026-09-30 10:08:12.696735+00:00,fb76b822ac6030cfe8ced1c2
haymarketbusinesspublications.122.2o7.net,AVAILABILITY,domains.list,domains.list,2026-09-30 10:08:12.903624+00:00,fb76b822ac6030cfe8ced1c2
hchrmain.112.2o7.net,AVAILABILITY,domains.list,domains.list,2026-09-30 10:08:13.211614+00:00,fb76b822ac6030cfe8ced1c2
healthgrades.112.2o7.net,AVAILABILITY,domains.list,domains.list,2026-09-30 10:08:13.418633+00:00,fb76b822ac6030cfe8ced1c2
healthination.122.2o7.net,AVAILABILITY,domains.list,domains.list,2026-09-30 10:08:13.573908+00:00,fb76b822ac6030cfe8ced1c2
hearstdigital.122.2o7.net,AVAILABILITY,domains.list,domains.list,2026-09-30 10:08:13.882160+00:00,fb76b822ac6030cfe8ced1c2
hearstmagazines.112.2o7.net,AVAILABILITY,domains.list,domains.list,2026-09-30 10:08:14.102620+00:00,fb76b822ac6030cfe8ced1c2
hearstugo.112.2o7.net,AVAILABILITY,domains.list,domains.list,2026-09-30 10:08:14.307892+00:00,fb76b822ac6030cfe8ced1c2
heavycom.122.2o7.net,AVAILABILITY,domains.list,domains.list,2026-09-30 10:08:14.577376+00:00,fb76b822ac6030cfe8ced1c2
hertz.122.2o7.net,AVAILABILITY,domains.list,domains.list,2026-09-30 10:08:14.876694+00:00,fb76b822ac6030cfe8ced1c2
hickoryfarms.112.2o7.net,AVAILABILITY,domains.list,domains.list,2026-09-30 10:08:15.081331+00:00,fb76b822ac6030cfe8ced1c2
hickoryfarms.com.102.112.2o7.net,AVAILABILITY,domains.list,domains.list,2026-09-30 10:08:15.237935+00:00,fb76b822ac6030cfe8ced1c2
highbeam.122.2o7.net,AVAILABILITY,domains.list,domains.list,2026-09-30 10:08:15.443059+00:00,fb76b822ac6030cfe8ced1c2
himedia.112.2o7.net,AVAILABILITY,domains.list,domains.list,2026-09-30 10:08:15.604351+00:00,fb76b822ac6030cfe8ced1c2
his.112.2o7.net,AVAILABILITY,domains.list,domains.list,2026-09-30 10:08:15.761099+00:00,fb76b822ac6030cfe8ced1c2
hisnakiamotors.122.2o7.net,AVAILABILITY,domains.list,domains.list,2026-09-30 10:08:15.916035+00:00,fb76b822ac6030cfe8ced1c2
hisrentalcar.112.2o7.net,AVAILABILITY,domains.list,domains.list,2026-09-30 10:08:16.124192+00:00,fb76b822ac6030cfe8ced1c2
hollywood.122.2o7.net,AVAILABILITY,domains.list,domains.list,2026-09-30 10:08:16.332041+00:00,fb76b822ac6030cfe8ced1c2
homepjlconline.com.112.2o7.net,AVAILABILITY,domains.list,domains.list,2026-09-30 10:08:16.484131+00:00,fb76b822ac6030cfe8ced1c2
homepproav.112.2o7.net,AVAILABILITY,domains.list,domains.list,2026-09-30 10:08:16.783489+00:00,fb76b822ac6030cfe8ced1c2
homesteadtechnologies.122.2o7.net,AVAILABILITY,domains.list,domains.list,2026-09-30 10:08:17.118232+00:00,fb76b822ac6030cfe8ced1c2
homestore.122.2o7.net,AVAILABILITY,domains.list,domains.list,2026-09-30 10:08:17.324818+00:00,fb76b822ac6030cfe8ced1c2
honfurniture.122.2o7.net,AVAILABILITY,domains.list,domains.list,2026-09-30 10:08:17.480162+00:00,fb76b822ac6030cfe8ced1c2
hotelscom.122.2o7.net,AVAILABILITY,domains.list,domains.list,2026-09-30 10:08:17.697200+00:00,fb76b822ac6030cfe8ced1c2
hpepdfembedapi.112.2o7.net,AVAILABILITY,domains.list,domains.list,2026-09-30 10:08:17.849539+00:00,fb76b822ac6030cfe8ced1c2
hphqglobal.112.2o7.net,AVAILABILITY,domains.list,domains.list,2026-09-30 10:08:18.259262+00:00,fb76b822ac6030cfe8ced1c2
hswmedia.122.2o7.net,AVAILABILITY,domains.list,domains.list,2026-09-30 10:08:18.463201+00:00,fb76b822ac6030cfe8ced1c2
hulu.112.2o7.net,AVAILABILITY,domains.list,domains.list,2026-09-30 10:08:18.729509+00:00,fb76b822ac6030cfe8ced1c2
huludev.112.2o7.net,AVAILABILITY,domains.list,domains.list,2026-09-30 10:08:18.945965+00:00,fb76b822ac6030cfe8ced1c2
hyperlinktech.122.2o7.net,AVAILABILITY,domains.list,domains.list,2026-09-30 10:08:19.213070+00:00,fb76b822ac6030cfe8ced1c2
hyundaicard.112.2o7.net,AVAILABILITY,domains.list,domains.list,2026-09-30 10:08:19.568916+00:00,fb76b822ac6030cfe8ced1c2
ibibo.112.2o7.net,AVAILABILITY,domains.list,domains.list,2026-09-30 10:08:19.868874+00:00,fb76b822ac6030cfe8ced1c2
ice.112.2o7.net,AVAILABILITY,domains.list,domains.list,2026-09-30 10:08:20.023350+00:00,fb76b822ac6030cfe8ced1c2
idgenterprise.112.2o7.net,AVAILABILITY,domains.list,domains.list,2026-09-30 10:08:20.172390+00:00,fb76b822ac6030cfe8ced1c2
ihc.112.2o7.net,AVAILABILITY,domains.list,domains.list,2026-09-30 10:08:20.413969+00:00,fb76b822ac6030cfe8ced1c2
imc2.122.2o7.net,AVAILABILITY,domains.list,domains.list,2026-09-30 10:08:20.624133+00:00,fb76b822ac6030cfe8ced1c2
imeem.112.2o7.net,AVAILABILITY,domains.list,domains.list,2026-09-30 10:08:20.774049+00:00,fb76b822ac6030cfe8ced1c2
imiliving.122.2o7.net,AVAILABILITY,domains.list,domains.list,2026-09-30 10:08:20.981066+00:00,fb76b822ac6030cfe8ced1c2
incisivemedia.112.2o7.net,AVAILABILITY,domains.list,domains.list,2026-09-30 10:08:21.142093+00:00,fb76b822ac6030cfe8ced1c2
indigio.122.2o7.net,AVAILABILITY,domains.list,domains.list,2026-09-30 10:08:21.553991+00:00,fb76b822ac6030cfe8ced1c2
infoworldmediagroup.112.2o7.net,AVAILABILITY,domains.list,domains.list,2026-09-30 10:08:21.906275+00:00,fb76b822ac6030cfe8ced1c2
infrastrategy.122.2o7.net,AVAILABILITY,domains.list,domains.list,2026-09-30 10:08:22.199559+00:00,fb76b822ac6030cfe8ced1c2
infratotalduicom.122.2o7.net,AVAILABILITY,domains.list,domains.list,2026-09-30 10:08:22.586735+00:00,fb76b822ac6030cfe8ced1c2
inginternetprod.112.2o7.net,AVAILABILITY,domains.list,domains.list,2026-09-30 10:08:22.791373+00:00,fb76b822ac6030cfe8ced1c2
insiderpagescom.122.2o7.net,AVAILABILITY,domains.list,domains.list,2026-09-30 10:08:22.945115+00:00,fb76b822ac6030cfe8ced1c2
instadia.112.2o7.net,AVAILABILITY,domains.list,domains.list,2026-09-30 10:08:23.147768+00:00,fb76b822ac6030cfe8ced1c2
intelcorpchan.112.2o7.net,AVAILABILITY,domains.list,domains.list,2026-09-30 10:08:23.351285+00:00,fb76b822ac6030cfe8ced1c2
intelcorperror.112.2o7.net,AVAILABILITY,domains.list,domains.list,2026-09-30 10:08:23.621433+00:00,fb76b822ac6030cfe8ced1c2
intelcorpsupp.112.2o7.net,AVAILABILITY,domains.list,domains.list,2026-09-30 10:08:23.827037+00:00,fb76b822ac6030cfe8ced1c2
interchangecorporation.122.2o7.net,AVAILABILITY,domains.list,domains.list,2026-09-30 10:08:24.097566+00:00,fb76b822ac6030cfe8ced1c2
interland.122.2o7.net,AVAILABILITY,domains.list,domains.list,2026-09-30 10:08:24.450158+00:00,fb76b822ac6030cfe8ced1c2
intouchsolutions.112.2o7.net,AVAILABILITY,domains.list,domains.list,2026-09-30 10:08:24.654776+00:00,fb76b822ac6030cfe8ced1c2
intuitinc.122.2o7.net,AVAILABILITY,domains.list,domains.list,2026-09-30 10:08:24.810458+00:00,fb76b822ac6030cfe8ced1c2
ipcmarieclaireprod.122.2o7.net,AVAILABILITY,domains.list,domains.list,2026-09-30 10:08:25.053846+00:00,fb76b822ac6030cfe8ced1c2
ipcmedia.122.2o7.net,AVAILABILITY,domains.list,domains.list,2026-09-30 10:08:25.263143+00:00,fb76b822ac6030cfe8ced1c2
ipcnowprod.122.2o7.net,AVAILABILITY,domains.list,domains.list,2026-09-30 10:08:25.469920+00:00,fb76b822ac6030cfe8ced1c2
ipcuncut.122.2o7.net,AVAILABILITY,domains.list,domains.list,2026-09-30 10:08:25.674581+00:00,fb76b822ac6030cfe8ced1c2
ipcwebuserprod.122.2o7.net,AVAILABILITY,domains.list,domains.list,2026-09-30 10:08:25.825214+00:00,fb76b822ac6030cfe8ced1c2
ipcyachtingworldprod.122.2o7.net,AVAILABILITY,domains.list,domains.list,2026-09-30 10:08:26.035748+00:00,fb76b822ac6030cfe8ced1c2
itgirishtimesprod.112.2o7.net,AVAILABILITY,domains.list,domains.list,2026-09-30 10:08:26.367525+00:00,fb76b822ac6030cfe8ced1c2
itmedia.122.2o7.net,AVAILABILITY,domains.list,domains.list,2026-09-30 10:08:26.664780+00:00,fb76b822ac6030cfe8ced1c2
itv.112.2o7.net,AVAILABILITY,domains.list,domains.list,2026-09-30 10:08:26.814393+00:00,fb76b822ac6030cfe8ced1c2
iusacomlive.112.2o7.net,AVAILABILITY,domains.list,domains.list,2026-09-30 10:08:27.060708+00:00,fb76b822ac6030cfe8ced1c2
ivillageglobal.112.2o7.net,AVAILABILITY,domains.list,domains.list,2026-09-30 10:08:27.214226+00:00,fb76b822ac6030cfe8ced1c2
jaccs.122.2o7.net,AVAILABILITY,domains.list,domains.list,2026-09-30 10:08:27.420693+00:00,fb76b822ac6030cfe8ced1c2
jackpot.112.2o7.net,AVAILABILITY,domains.list,domains.list,2026-09-30 10:08:27.573368+00:00,fb76b822ac6030cfe8ced1c2
jcom.122.2o7.net,AVAILABILITY,domains.list,domains.list,2026-09-30 10:08:27.820503+00:00,fb76b822ac6030cfe8ced1c2
jcrewcom.112.2o7.net,AVAILABILITY,domains.list,domains.list,2026-09-30 10:08:28.182843+00:00,fb76b822ac6030cfe8ced1c2
jcwhitney.112.2o7.net,AVAILABILITY,domains.list,domains.list,2026-09-30 10:09:38.382451+00:00,fb76b822ac6030cfe8ced1c2
jennycraig.112.2o7.net,AVAILABILITY,domains.list,domains.list,2026-09-30 10:10:24.220456+00:00,fb76b822ac6030cfe8ced1c2
jetbluecom2.112.2o7.net,AVAILABILITY,domains.list,domains.list,2026-09-30 10:10:25.317688+00:00,fb76b822ac6030cfe8ced1c2
jetbluepkgcs.112.2o7.net,AVAILABILITY,domains.list,domains.list,2026-09-30 10:10:25.774757+00:00,fb76b822ac6030cfe8ced1c2
jijsonline.112.2o7.net,AVAILABILITY,domains.list,domains.list,2026-09-30 10:10:25.927165+00:00,fb76b822ac6030cfe8ced1c2
jijsonline.122.2o7.net,AVAILABILITY,domains.list,domains.list,2026-09-30 10:10:26.136182+00:00,fb76b822ac6030cfe8ced1c2
jiktnv.122.2o7.net,AVAILABILITY,domains.list,domains.list,2026-09-30 10:10:28.652604+00:00,fb76b822ac6030cfe8ced1c2
jiwire.112.2o7.net,AVAILABILITY,domains.list,domains.list,2026-09-30 10:10:30.731783+00:00,fb76b822ac6030cfe8ced1c2
jiwtmj.122.2o7.net,AVAILABILITY,domains.list,domains.list,2026-09-30 10:10:30.936996+00:00,fb76b822ac6030cfe8ced1c2
jmsyap.112.2o7.net,AVAILABILITY,domains.list,domains.list,2026-09-30 10:10:31.095976+00:00,fb76b822ac6030cfe8ced1c2
joelosteenministries.112.2o7.net,AVAILABILITY,domains.list,domains.list,2026-09-30 10:10:31.244147+00:00,fb76b822ac6030cfe8ced1c2
johnlewis.112.2o7.net,AVAILABILITY,domains.list,domains.list,2026-09-30 10:10:31.520983+00:00,fb76b822ac6030cfe8ced1c2
journalregistercompany.122.2o7.net,AVAILABILITY,domains.list,domains.list,2026-09-30 10:10:31.730569+00:00,fb76b822ac6030cfe8ced1c2
jpmpartnersites.112.2o7.net,AVAILABILITY,domains.list,domains.list,2026-09-30 10:10:31.884284+00:00,fb76b822ac6030cfe8ced1c2
jpmprivatebank.112.2o7.net,AVAILABILITY,domains.list,domains.list,2026-09-30 10:10:32.182013+00:00,fb76b822ac6030cfe8ced1c2
jrcdelcotimescom.122.2o7.net,AVAILABILITY,domains.list,domains.list,2026-09-30 10:10:32.386203+00:00,fb76b822ac6030cfe8ced1c2
jrcom.112.2o7.net,AVAILABILITY,domains.list,domains.list,2026-09-30 10:10:32.535335+00:00,fb76b822ac6030cfe8ced1c2
kaboose.112.2o7.net,AVAILABILITY,domains.list,domains.list,2026-09-30 10:10:32.686373+00:00,fb76b822ac6030cfe8ced1c2
kakakucom.112.2o7.net,AVAILABILITY,domains.list,domains.list,2026-09-30 10:10:33.054080+00:00,fb76b822ac6030cfe8ced1c2
karavelabcroisierees.112.2o7.net,AVAILABILITY,domains.list,domains.list,2026-09-30 10:10:33.385712+00:00,fb76b822ac6030cfe8ced1c2
kbbmain.112.2o7.net,AVAILABILITY,domains.list,domains.list,2026-09-30 10:10:33.589707+00:00,fb76b822ac6030cfe8ced1c2
kelleybluebook.112.2o7.net,AVAILABILITY,domains.list,domains.list,2026-09-30 10:10:33.884832+00:00,fb76b822ac6030cfe8ced1c2
kerplat.112.2o7.net,AVAILABILITY,domains.list,domains.list,2026-09-30 10:10:34.089186+00:00,fb76b822ac6030cfe8ced1c2
keybank.112.2o7.net,AVAILABILITY,domains.list,domains.list,2026-09-30 10:10:34.450360+00:00,fb76b822ac6030cfe8ced1c2
kiplinger.112.2o7.net,AVAILABILITY,domains.list,domains.list,2026-09-30 10:10:34.600334+00:00,fb76b822ac6030cfe8ced1c2
kohlermetricssecure.kohler.com,AVAILABILITY,domains.list,domains.list,2026-09-30 10:10:34.995991+00:00,fb76b822ac6030cfe8ced1c2
konicaminoltahd.122.2o7.net,AVAILABILITY,domains.list,domains.list,2026-09-30 10:10:35.270863+00:00,fb76b822ac6030cfe8ced1c2
kopticom.122.2o7.net,AVAILABILITY,domains.list,domains.list,2026-09-30 10:10:35.564993+00:00,fb76b822ac6030cfe8ced1c2
lab88inc.112.2o7.net,AVAILABILITY,domains.list,domains.list,2026-09-30 10:10:35.764946+00:00,fb76b822ac6030cfe8ced1c2
lacaixa.112.2o7.net,AVAILABILITY,domains.list,domains.list,2026-09-30 10:10:35.969576+00:00,fb76b822ac6030cfe8ced1c2
landolakescomprod.112.2o7.net,AVAILABILITY,domains.list,domains.list,2026-09-30 10:10:36.175586+00:00,fb76b822ac6030cfe8ced1c2
landsend.112.2o7.net,AVAILABILITY,domains.list,domains.list,2026-09-30 10:10:36.381051+00:00,fb76b822ac6030cfe8ced1c2
laptopmag.122.2o7.net,AVAILABILITY,domains.list,domains.list,2026-09-30 10:10:36.531615+00:00,fb76b822ac6030cfe8ced1c2
lastminengb.112.2o7.net,AVAILABILITY,domains.list,domains.list,2026-09-30 10:10:36.831335+00:00,fb76b822ac6030cfe8ced1c2
laxnws.112.2o7.net,AVAILABILITY,domains.list,domains.list,2026-09-30 10:10:37.117674+00:00,fb76b822ac6030cfe8ced1c2
laxprs.112.2o7.net,AVAILABILITY,domains.list,domains.list,2026-09-30 10:10:37.325958+00:00,fb76b822ac6030cfe8ced1c2
laxpsd.112.2o7.net,AVAILABILITY,domains.list,domains.list,2026-09-30 10:10:37.528809+00:00,fb76b822ac6030cfe8ced1c2
laxtrb.112.2o7.net,AVAILABILITY,domains.list,domains.list,2026-09-30 10:10:37.917624+00:00,fb76b822ac6030cfe8ced1c2
laxwht.112.2o7.net,AVAILABILITY,domains.list,domains.list,2026-09-30 10:10:38.120603+00:00,fb76b822ac6030cfe8ced1c2
laxwht.122.2o7.net,AVAILABILITY,domains.list,domains.list,2026-09-30 10:10:38.268690+00:00,fb76b822ac6030cfe8ced1c2
lccronadevelopment.112.2o7.net,AVAILABILITY,domains.list,domains.list,2026-09-30 10:10:38.418814+00:00,fb76b822ac6030cfe8ced1c2
ldscol.112.2o7.net,AVAILABILITY,domains.list,domains.list,2026-09-30 10:10:38.570073+00:00,fb76b822ac6030cfe8ced1c2
leaitworldprod.112.2o7.net,AVAILABILITY,domains.list,domains.list,2026-09-30 10:10:38.856652+00:00,fb76b822ac6030cfe8ced1c2
leeenterprises.112.2o7.net,AVAILABILITY,domains.list,domains.list,2026-09-30 10:10:39.060581+00:00,fb76b822ac6030cfe8ced1c2
lenovoappsshareitprod.112.2o7.net,AVAILABILITY,domains.list,domains.list,2026-09-30 10:10:39.635980+00:00,fb76b822ac6030cfe8ced1c2
lenovoappssystemupdateprod.112.2o7.net,AVAILABILITY,domains.list,domains.list,2026-09-30 10:10:39.847844+00:00,fb76b822ac6030cfe8ced1c2
lenovosimpletapdev.112.2o7.net,AVAILABILITY,domains.list,domains.list,2026-09-30 10:10:40.001070+00:00,fb76b822ac6030cfe8ced1c2
leroymerlin.112.2o7.net,AVAILABILITY,domains.list,domains.list,2026-09-30 10:10:40.155874+00:00,fb76b822ac6030cfe8ced1c2
levelwing.112.2o7.net,AVAILABILITY,domains.list,domains.list,2026-09-30 10:10:40.513192+00:00,fb76b822ac6030cfe8ced1c2
leveragemarketing.112.2o7.net,AVAILABILITY,domains.list,domains.list,2026-09-30 10:10:40.670349+00:00,fb76b822ac6030cfe8ced1c2
lgelectronics.122.2o7.net,AVAILABILITY,domains.list,domains.list,2026-09-30 10:10:41.796352+00:00,fb76b822ac6030cfe8ced1c2
lintv.122.2o7.net,AVAILABILITY,domains.list,domains.list,2026-09-30 10:10:42.044353+00:00,fb76b822ac6030cfe8ced1c2
livedealcom.112.2o7.net,AVAILABILITY,domains.list,domains.list,2026-09-30 10:10:42.370530+00:00,fb76b822ac6030cfe8ced1c2
livenation.122.2o7.net,AVAILABILITY,domains.list,domains.list,2026-09-30 10:10:42.575294+00:00,fb76b822ac6030cfe8ced1c2
logitechlogitechglobal.112.2o7.net,AVAILABILITY,domains.list,domains.list,2026-09-30 10:10:42.813841+00:00,fb76b822ac6030cfe8ced1c2
lucent.122.2o7.net,AVAILABILITY,domains.list,domains.list,2026-09-30 10:10:42.964435+00:00,fb76b822ac6030cfe8ced1c2
luxemlocatorprod.112.2o7.net,AVAILABILITY,domains.list,domains.list,2026-09-30 10:10:43.172227+00:00,fb76b822ac6030cfe8ced1c2
mailtribunecom.112.2o7.net,AVAILABILITY,domains.list,domains.list,2026-09-30 10:10:43.374288+00:00,fb76b822ac6030cfe8ced1c2
malaysiaairlines.112.2o7.net,AVAILABILITY,domains.list,domains.list,2026-09-30 10:10:43.525721+00:00,fb76b822ac6030cfe8ced1c2
manpower.122.2o7.net,AVAILABILITY,domains.list,domains.list,2026-09-30 10:10:43.767711+00:00,fb76b822ac6030cfe8ced1c2
maplesoftcom.112.2o7.net,AVAILABILITY,domains.list,domains.list,2026-09-30 10:10:43.972381+00:00,fb76b822ac6030cfe8ced1c2
mapscom2.112.2o7.net,AVAILABILITY,domains.list,domains.list,2026-09-30 10:10:44.332473+00:00,fb76b822ac6030cfe8ced1c2
marinermarketing.112.2o7.net,AVAILABILITY,domains.list,domains.list,2026-09-30 10:10:44.546971+00:00,fb76b822ac6030cfe8ced1c2
marketlive.122.2o7.net,AVAILABILITY,domains.list,domains.list,2026-09-30 10:10:46.270235+00:00,fb76b822ac6030cfe8ced1c2
marketworksinc.122.2o7.net,AVAILABILITY,domains.list,domains.list,2026-09-30 10:11:06.501438+00:00,fb76b822ac6030cfe8ced1c2
marksandspencer.122.2o7.net,AVAILABILITY,domains.list,domains.list,2026-09-30 10:11:06.801382+00:00,fb76b822ac6030cfe8ced1c2
mattelplaysitesglobalprod.112.2o7.net,AVAILABILITY,domains.list,domains.list,2026-09-30 10:11:06.952581+00:00,fb76b822ac6030cfe8ced1c2
mattressusa.122.2o7.net,AVAILABILITY,domains.list,domains.list,2026-09-30 10:11:07.307305+00:00,fb76b822ac6030cfe8ced1c2
maxim.122.2o7.net,AVAILABILITY,domains.list,domains.list,2026-09-30 10:11:07.515893+00:00,fb76b822ac6030cfe8ced1c2
mcclatchy.112.2o7.net,AVAILABILITY,domains.list,domains.list,2026-09-30 10:11:07.835896+00:00,fb76b822ac6030cfe8ced1c2
mckinseyglobalnewsitecoreprod.112.2o7.net,AVAILABILITY,domains.list,domains.list,2026-09-30 10:11:07.992650+00:00,fb76b822ac6030cfe8ced1c2
mckinseyknowledge.122.2o7.net,AVAILABILITY,domains.list,domains.list,2026-09-30 10:11:08.143980+00:00,fb76b822ac6030cfe8ced1c2
mdjacksonville.112.2o7.net,AVAILABILITY,domains.list,domains.list,2026-09-30 10:11:08.349712+00:00,fb76b822ac6030cfe8ced1c2
mdpparents.112.2o7.net,AVAILABILITY,domains.list,domains.list,2026-09-30 10:11:08.555881+00:00,fb76b822ac6030cfe8ced1c2
mdstaugustine.112.2o7.net,AVAILABILITY,domains.list,domains.list,2026-09-30 10:11:08.708207+00:00,fb76b822ac6030cfe8ced1c2
mdwathens.112.2o7.net,AVAILABILITY,domains.list,domains.list,2026-09-30 10:11:08.976568+00:00,fb76b822ac6030cfe8ced1c2
mdwaugusta.112.2o7.net,AVAILABILITY,domains.list,domains.list,2026-09-30 10:11:09.423798+00:00,fb76b822ac6030cfe8ced1c2
mdwjuneau.112.2o7.net,AVAILABILITY,domains.list,domains.list,2026-09-30 10:11:09.629698+00:00,fb76b822ac6030cfe8ced1c2
mdwoakridge.112.2o7.net,AVAILABILITY,domains.list,domains.list,2026-09-30 10:11:09.779591+00:00,fb76b822ac6030cfe8ced1c2
mdwsavannah.112.2o7.net,AVAILABILITY,domains.list,domains.list,2026-09-30 10:11:10.525599+00:00,fb76b822ac6030cfe8ced1c2
mdwskirt.112.2o7.net,AVAILABILITY,domains.list,domains.list,2026-09-30 10:11:10.678058+00:00,fb76b822ac6030cfe8ced1c2
medhelpinternational.112.2o7.net,AVAILABILITY,domains.list,domains.list,2026-09-30 10:11:10.855021+00:00,fb76b822ac6030cfe8ced1c2
mediabistro.112.2o7.net,AVAILABILITY,domains.list,domains.list,2026-09-30 10:11:11.062457+00:00,fb76b822ac6030cfe8ced1c2
mediabistrocom.112.2o7.net,AVAILABILITY,domains.list,domains.list,2026-09-30 10:11:11.210841+00:00,fb76b822ac6030cfe8ced1c2
mediacorp.112.2o7.net,AVAILABILITY,domains.list,domains.list,2026-09-30 10:11:11.398511+00:00,fb76b822ac6030cfe8ced1c2
medialogic.122.2o7.net,AVAILABILITY,domains.list,domains.list,2026-09-30 10:11:11.553479+00:00,fb76b822ac6030cfe8ced1c2
mediamatters.112.2o7.net,AVAILABILITY,domains.list,domains.list,2026-09-30 10:11:11.908455+00:00,fb76b822ac6030cfe8ced1c2
meetupdev.122.2o7.net,AVAILABILITY,domains.list,domains.list,2026-09-30 10:11:12.115584+00:00,fb76b822ac6030cfe8ced1c2
memberservicesinc.122.2o7.net,AVAILABILITY,domains.list,domains.list,2026-09-30 10:11:12.380821+00:00,fb76b822ac6030cfe8ced1c2
metacafe.122.2o7.net,AVAILABILITY,domains.list,domains.list,2026-09-30 10:11:12.531564+00:00,fb76b822ac6030cfe8ced1c2
metrics.aa.com,AVAILABILITY,domains.list,domains.list,2026-09-30 10:11:13.753563+00:00,fb76b822ac6030cfe8ced1c2
metrics.adacreisen.de,AVAILABILITY,domains.list,domains.list,2026-09-30 10:11:14.244225+00:00,fb76b822ac6030cfe8ced1c2
metrics.adelaidenow.com.au,AVAILABILITY,domains.list,domains.list,2026-09-30 10:11:14.617913+00:00,fb76b822ac6030cfe8ced1c2
metrics.asos.com,AVAILABILITY,domains.list,domains.list,2026-09-30 10:11:15.203144+00:00,fb76b822ac6030cfe8ced1c2
metrics.assurances-bnc.ca,AVAILABILITY,domains.list,domains.list,2026-09-30 10:11:15.626624+00:00,fb76b822ac6030cfe8ced1c2
metrics.baitoru.com,AVAILABILITY,domains.list,domains.list,2026-09-30 10:11:16.240541+00:00,fb76b822ac6030cfe8ced1c2
metrics.baitorupro.com,AVAILABILITY,domains.list,domains.list,2026-09-30 10:11:16.938539+00:00,fb76b822ac6030cfe8ced1c2
metrics.barclaycardus.com,AVAILABILITY,domains.list,domains.list,2026-09-30 10:11:17.753137+00:00,fb76b822ac6030cfe8ced1c2
metrics.biocompare.com,AVAILABILITY,domains.list,domains.list,2026-09-30 10:11:18.018274+00:00,fb76b822ac6030cfe8ced1c2
metrics.bnpparibas,AVAILABILITY,domains.list,domains.list,2026-09-30 10:11:19.121565+00:00,fb76b822ac6030cfe8ced1c2
metrics.caixabank.es,AVAILABILITY,domains.list,domains.list,2026-09-30 10:11:19.730499+00:00,fb76b822ac6030cfe8ced1c2
metrics.calgary.ca,AVAILABILITY,domains.list,domains.list,2026-09-30 10:11:20.208911+00:00,fb76b822ac6030cfe8ced1c2
metrics.cancer.gov,AVAILABILITY,domains.list,domains.list,2026-09-30 10:11:21.009338+00:00,fb76b822ac6030cfe8ced1c2
metrics.comcast.com,AVAILABILITY,domains.list,domains.list,2026-09-30 10:11:21.750487+00:00,fb76b822ac6030cfe8ced1c2
metrics.crateandbarrel.com,AVAILABILITY,domains.list,domains.list,2026-09-30 10:11:22.562455+00:00,fb76b822ac6030cfe8ced1c2
metrics.dailytelegraph.com.au,AVAILABILITY,domains.list,domains.list,2026-09-30 10:11:23.156137+00:00,fb76b822ac6030cfe8ced1c2
metrics.delicious.com.au,AVAILABILITY,domains.list,domains.list,2026-09-30 10:11:23.628122+00:00,fb76b822ac6030cfe8ced1c2
metrics.delta.com,AVAILABILITY,domains.list,domains.list,2026-09-30 10:11:23.876322+00:00,fb76b822ac6030cfe8ced1c2
metrics.el-mundo.net,AVAILABILITY,domains.list,domains.list,2026-09-30 10:11:24.217441+00:00,fb76b822ac6030cfe8ced1c2
metrics.eurobet.it,AVAILABILITY,domains.list,domains.list,2026-09-30 10:11:24.594952+00:00,fb76b822ac6030cfe8ced1c2
metrics.forecourttradersummit.com,AVAILABILITY,domains.list,domains.list,2026-09-30 10:11:25.021178+00:00,fb76b822ac6030cfe8ced1c2
metrics.fortinet.com,AVAILABILITY,domains.list,domains.list,2026-09-30 10:11:28.718987+00:00,fb76b822ac6030cfe8ced1c2
metrics.foxsports.com.au,AVAILABILITY,domains.list,domains.list,2026-09-30 10:11:29.023680+00:00,fb76b822ac6030cfe8ced1c2
metrics.fressnapf.de,AVAILABILITY,domains.list,domains.list,2026-09-30 10:11:29.497675+00:00,fb76b822ac6030cfe8ced1c2
metrics.gap.com,AVAILABILITY,domains.list,domains.list,2026-09-30 10:11:29.872812+00:00,fb76b822ac6030cfe8ced1c2
metrics.ing.es,AVAILABILITY,domains.list,domains.list,2026-09-30 10:11:30.200875+00:00,fb76b822ac6030cfe8ced1c2
metrics.ionos.at,AVAILABILITY,domains.list,domains.list,2026-09-30 10:11:31.572406+00:00,fb76b822ac6030cfe8ced1c2
metrics.ionos.com,AVAILABILITY,domains.list,domains.list,2026-09-30 10:11:32.350643+00:00,fb76b822ac6030cfe8ced1c2
metrics.ionos.de,AVAILABILITY,domains.list,domains.list,2026-09-30 10:11:33.131972+00:00,fb76b822ac6030cfe8ced1c2
metrics.ionos.es,AVAILABILITY,domains.list,domains.list,2026-09-30 10:11:34.091812+00:00,fb76b822ac6030cfe8ced1c2
metrics.ionos.fr,AVAILABILITY,domains.list,domains.list,2026-09-30 10:11:34.828119+00:00,fb76b822ac6030cfe8ced1c2
metrics.ma500.co.uk,AVAILABILITY,domains.list,domains.list,2026-09-30 10:11:35.560962+00:00,fb76b822ac6030cfe8ced1c2
metrics.makemytrip.com,AVAILABILITY,domains.list,domains.list,2026-09-30 10:11:36.084204+00:00,fb76b822ac6030cfe8ced1c2
metrics.mars.com,AVAILABILITY,domains.list,domains.list,2026-09-30 10:11:37.101068+00:00,fb76b822ac6030cfe8ced1c2
metrics.mein-jahnreisen.de,AVAILABILITY,domains.list,domains.list,2026-09-30 10:11:37.858816+00:00,fb76b822ac6030cfe8ced1c2
metrics.myprime.com,AVAILABILITY,domains.list,domains.list,2026-09-30 10:11:38.487142+00:00,fb76b822ac6030cfe8ced1c2
metrics.news.com.au,AVAILABILITY,domains.list,domains.list,2026-09-30 10:11:39.182747+00:00,fb76b822ac6030cfe8ced1c2
metrics.postoffice.co.uk,AVAILABILITY,domains.list,domains.list,2026-09-30 10:11:39.727706+00:00,fb76b822ac6030cfe8ced1c2
metrics.royalmail.com,AVAILABILITY,domains.list,domains.list,2026-09-30 10:11:40.490699+00:00,fb76b822ac6030cfe8ced1c2
metrics.samsclub.com,AVAILABILITY,domains.list,domains.list,2026-09-30 10:11:41.197784+00:00,fb76b822ac6030cfe8ced1c2
metrics.sky.com,AVAILABILITY,domains.list,domains.list,2026-09-30 10:11:41.641040+00:00,fb76b822ac6030cfe8ced1c2
metrics.theaustralian.com.au,AVAILABILITY,domains.list,domains.list,2026-09-30 10:11:42.609876+00:00,fb76b822ac6030cfe8ced1c2
metrics.tim.it,AVAILABILITY,domains.list,domains.list,2026-09-30 10:11:43.803628+00:00,fb76b822ac6030cfe8ced1c2
metrics.timewarnercable.com,AVAILABILITY,domains.list,domains.list,2026-09-30 10:11:44.487013+00:00,fb76b822ac6030cfe8ced1c2
metrics.tsb.co.uk,AVAILABILITY,domains.list,domains.list,2026-09-30 10:11:44.986352+00:00,fb76b822ac6030cfe8ced1c2
metrics.victoriassecret.com,AVAILABILITY,domains.list,domains.list,2026-09-30 10:11:45.160827+00:00,fb76b822ac6030cfe8ced1c2
metrics.vodafone.com.eg,AVAILABILITY,domains.list,domains.list,2026-09-30 10:11:46.211534+00:00,fb76b822ac6030cfe8ced1c2
metrics.xfinity.com,AVAILABILITY,domains.list,domains.list,2026-09-30 10:11:46.894236+00:00,fb76b822ac6030cfe8ced1c2
metrics.yellowbook.com,AVAILABILITY,domains.list,domains.list,2026-09-30 10:11:47.249089+00:00,fb76b822ac6030cfe8ced1c2
metrics.yellowpages.com,AVAILABILITY,domains.list,domains.list,2026-09-30 10:11:47.736252+00:00,fb76b822ac6030cfe8ced1c2
metrics1.citi.com,AVAILABILITY,domains.list,domains.list,2026-09-30 10:11:48.314025+00:00,fb76b822ac6030cfe8ced1c2
metrics1.citibankonline.com,AVAILABILITY,domains.list,domains.list,2026-09-30 10:11:48.803274+00:00,fb76b822ac6030cfe8ced1c2
mgdothaneagle.112.2o7.net,AVAILABILITY,domains.list,domains.list,2026-09-30 10:11:48.954535+00:00,fb76b822ac6030cfe8ced1c2
mghickoryrecord.112.2o7.net,AVAILABILITY,domains.list,domains.list,2026-09-30 10:11:49.105814+00:00,fb76b822ac6030cfe8ced1c2
mgjournalnow.112.2o7.net,AVAILABILITY,domains.list,domains.list,2026-09-30 10:11:49.405545+00:00,fb76b822ac6030cfe8ced1c2
mgoanow.112.2o7.net,AVAILABILITY,domains.list,domains.list,2026-09-30 10:11:49.704601+00:00,fb76b822ac6030cfe8ced1c2
mgstarexponent.112.2o7.net,AVAILABILITY,domains.list,domains.list,2026-09-30 10:11:49.856142+00:00,fb76b822ac6030cfe8ced1c2
mgtbo.112.2o7.net,AVAILABILITY,domains.list,domains.list,2026-09-30 10:11:50.122627+00:00,fb76b822ac6030cfe8ced1c2
mgtbopanels.112.2o7.net,AVAILABILITY,domains.list,domains.list,2026-09-30 10:11:50.328615+00:00,fb76b822ac6030cfe8ced1c2
mgtimesdispatch.112.2o7.net,AVAILABILITY,domains.list,domains.list,2026-09-30 10:11:50.538620+00:00,fb76b822ac6030cfe8ced1c2
mgtricities.112.2o7.net,AVAILABILITY,domains.list,domains.list,2026-09-30 10:11:50.725211+00:00,fb76b822ac6030cfe8ced1c2
mgwcbd.112.2o7.net,AVAILABILITY,domains.list,domains.list,2026-09-30 10:11:50.877549+00:00,fb76b822ac6030cfe8ced1c2
mgwjar.112.2o7.net,AVAILABILITY,domains.list,domains.list,2026-09-30 10:11:51.025286+00:00,fb76b822ac6030cfe8ced1c2
mgwnct.112.2o7.net,AVAILABILITY,domains.list,domains.list,2026-09-30 10:11:51.177760+00:00,fb76b822ac6030cfe8ced1c2
mgwsav.112.2o7.net,AVAILABILITY,domains.list,domains.list,2026-09-30 10:11:51.330097+00:00,fb76b822ac6030cfe8ced1c2
mgwsls.112.2o7.net,AVAILABILITY,domains.list,domains.list,2026-09-30 10:11:51.481207+00:00,fb76b822ac6030cfe8ced1c2
microsoftadvertisingdevcenter.112.2o7.net,AVAILABILITY,domains.list,domains.list,2026-09-30 10:11:51.687679+00:00,fb76b822ac6030cfe8ced1c2
microsofteup.112.2o7.net,AVAILABILITY,domains.list,domains.list,2026-09-30 10:11:51.953175+00:00,fb76b822ac6030cfe8ced1c2
microsoftgamestudio.112.2o7.net,AVAILABILITY,domains.list,domains.list,2026-09-30 10:11:52.104923+00:00,fb76b822ac6030cfe8ced1c2
microsoftinternetexplorer.112.2o7.net,AVAILABILITY,domains.list,domains.list,2026-09-30 10:11:52.256782+00:00,fb76b822ac6030cfe8ced1c2
microsoftmachinetranslation.112.2o7.net,AVAILABILITY,domains.list,domains.list,2026-09-30 10:11:52.493320+00:00,fb76b822ac6030cfe8ced1c2
microsoftoffice.112.2o7.net,AVAILABILITY,domains.list,domains.list,2026-09-30 10:11:52.730086+00:00,fb76b822ac6030cfe8ced1c2
microsoftsto.112.2o7.net,AVAILABILITY,domains.list,domains.list,2026-09-30 10:11:52.883507+00:00,fb76b822ac6030cfe8ced1c2
microsoftuk.122.2o7.net,AVAILABILITY,domains.list,domains.list,2026-09-30 10:11:53.033304+00:00,fb76b822ac6030cfe8ced1c2
microsoftwga.112.2o7.net,AVAILABILITY,domains.list,domains.list,2026-09-30 10:11:53.241582+00:00,fb76b822ac6030cfe8ced1c2
microsoftwindows.112.2o7.net,AVAILABILITY,domains.list,domains.list,2026-09-30 10:11:53.443631+00:00,fb76b822ac6030cfe8ced1c2
microsoftwindowsmobile.122.2o7.net,AVAILABILITY,domains.list,domains.list,2026-09-30 10:11:53.646924+00:00,fb76b822ac6030cfe8ced1c2
microsoftwllivemkt.112.2o7.net,AVAILABILITY,domains.list,domains.list,2026-09-30 10:11:53.997771+00:00,fb76b822ac6030cfe8ced1c2
microsoftwlmailmkt.112.2o7.net,AVAILABILITY,domains.list,domains.list,2026-09-30 10:11:54.374107+00:00,fb76b822ac6030cfe8ced1c2
microsoftwlmessengermkt.112.2o7.net,AVAILABILITY,domains.list,domains.list,2026-09-30 10:11:54.696717+00:00,fb76b822ac6030cfe8ced1c2
microsoftwlmobilemkt.112.2o7.net,AVAILABILITY,domains.list,domains.list,2026-09-30 10:11:54.851207+00:00,fb76b822ac6030cfe8ced1c2
microsoftwlsearchcrm.112.2o7.net,AVAILABILITY,domains.list,domains.list,2026-09-30 10:11:54.999730+00:00,fb76b822ac6030cfe8ced1c2
microsoftxbox.112.2o7.net,AVAILABILITY,domains.list,domains.list,2026-09-30 10:11:55.150883+00:00,fb76b822ac6030cfe8ced1c2
midala.112.2o7.net,AVAILABILITY,domains.list,domains.list,2026-09-30 10:11:55.303781+00:00,fb76b822ac6030cfe8ced1c2
midar.112.2o7.net,AVAILABILITY,domains.list,domains.list,2026-09-30 10:11:55.453569+00:00,fb76b822ac6030cfe8ced1c2
midcru.112.2o7.net,AVAILABILITY,domains.list,domains.list,2026-09-30 10:11:55.748112+00:00,fb76b822ac6030cfe8ced1c2
midsen.112.2o7.net,AVAILABILITY,domains.list,domains.list,2026-09-30 10:11:56.025580+00:00,fb76b822ac6030cfe8ced1c2
milbglobal.112.2o7.net,AVAILABILITY,domains.list,domains.list,2026-09-30 10:11:56.379662+00:00,fb76b822ac6030cfe8ced1c2
millerbrewingcompany.122.2o7.net,AVAILABILITY,domains.list,domains.list,2026-09-30 10:11:56.678244+00:00,fb76b822ac6030cfe8ced1c2
mitsubishi.112.2o7.net,AVAILABILITY,domains.list,domains.list,2026-09-30 10:11:56.888537+00:00,fb76b822ac6030cfe8ced1c2
mitsubishielectric.112.2o7.net,AVAILABILITY,domains.list,domains.list,2026-09-30 10:11:57.036261+00:00,fb76b822ac6030cfe8ced1c2
mkcthehomemarketplace.112.2o7.net,AVAILABILITY,domains.list,domains.list,2026-09-30 10:11:57.279830+00:00,fb76b822ac6030cfe8ced1c2
mkt10.122.2o7.net,AVAILABILITY,domains.list,domains.list,2026-09-30 10:11:57.433169+00:00,fb76b822ac6030cfe8ced1c2
mlarmani.122.2o7.net,AVAILABILITY,domains.list,domains.list,2026-09-30 10:11:57.622622+00:00,fb76b822ac6030cfe8ced1c2
mlbam.112.2o7.net,AVAILABILITY,domains.list,domains.list,2026-09-30 10:11:57.772816+00:00,fb76b822ac6030cfe8ced1c2
mlbatlanta.112.2o7.net,AVAILABILITY,domains.list,domains.list,2026-09-30 10:11:57.923229+00:00,fb76b822ac6030cfe8ced1c2
mlbcincinnati.112.2o7.net,AVAILABILITY,domains.list,domains.list,2026-09-30 10:11:58.190835+00:00,fb76b822ac6030cfe8ced1c2
mlbcom.112.2o7.net,AVAILABILITY,domains.list,domains.list,2026-09-30 10:11:58.340278+00:00,fb76b822ac6030cfe8ced1c2
mlbglobal.112.2o7.net,AVAILABILITY,domains.list,domains.list,2026-09-30 10:11:58.491355+00:00,fb76b822ac6030cfe8ced1c2
mlbglobal08.112.2o7.net,AVAILABILITY,domains.list,domains.list,2026-09-30 10:11:58.845096+00:00,fb76b822ac6030cfe8ced1c2
mlbsanfrancisco.112.2o7.net,AVAILABILITY,domains.list,domains.list,2026-09-30 10:11:58.994039+00:00,fb76b822ac6030cfe8ced1c2
mlsglobal.112.2o7.net,AVAILABILITY,domains.list,domains.list,2026-09-30 10:11:59.295112+00:00,fb76b822ac6030cfe8ced1c2
mmc.122.2o7.net,AVAILABILITY,domains.list,domains.list,2026-09-30 10:11:59.534560+00:00,fb76b822ac6030cfe8ced1c2
mmdmakemydealcom.112.2o7.net,AVAILABILITY,domains.list,domains.list,2026-09-30 10:11:59.688153+00:00,fb76b822ac6030cfe8ced1c2
mngi.112.2o7.net,AVAILABILITY,domains.list,domains.list,2026-09-30 10:11:59.841859+00:00,fb76b822ac6030cfe8ced1c2
mngidailybreeze.112.2o7.net,AVAILABILITY,domains.list,domains.list,2026-09-30 10:11:59.994372+00:00,fb76b822ac6030cfe8ced1c2
mngidmn.112.2o7.net,AVAILABILITY,domains.list,domains.list,2026-09-30 10:12:00.142619+00:00,fb76b822ac6030cfe8ced1c2
mngimercurynews.112.2o7.net,AVAILABILITY,domains.list,domains.list,2026-09-30 10:12:00.345234+00:00,fb76b822ac6030cfe8ced1c2
mngimng.112.2o7.net,AVAILABILITY,domains.list,domains.list,2026-09-30 10:12:00.501976+00:00,fb76b822ac6030cfe8ced1c2
mngirockymtnnews.112.2o7.net,AVAILABILITY,domains.list,domains.list,2026-09-30 10:12:00.709715+00:00,fb76b822ac6030cfe8ced1c2
mngislcnac.112.2o7.net,AVAILABILITY,domains.list,domains.list,2026-09-30 10:12:00.861003+00:00,fb76b822ac6030cfe8ced1c2
mngislctrib.112.2o7.net,AVAILABILITY,domains.list,domains.list,2026-09-30 10:12:01.160315+00:00,fb76b822ac6030cfe8ced1c2
mngisv.112.2o7.net,AVAILABILITY,domains.list,domains.list,2026-09-30 10:12:01.461270+00:00,fb76b822ac6030cfe8ced1c2
mngitwincities.112.2o7.net,AVAILABILITY,domains.list,domains.list,2026-09-30 10:12:01.613784+00:00,fb76b822ac6030cfe8ced1c2
mngiyhnat.112.2o7.net,AVAILABILITY,domains.list,domains.list,2026-09-30 10:12:01.974005+00:00,fb76b822ac6030cfe8ced1c2
montblanc.122.2o7.net,AVAILABILITY,domains.list,domains.list,2026-09-30 10:12:02.330302+00:00,fb76b822ac6030cfe8ced1c2
montblanccom.122.2o7.net,AVAILABILITY,domains.list,domains.list,2026-09-30 10:12:02.627268+00:00,fb76b822ac6030cfe8ced1c2
mormonorg.112.2o7.net,AVAILABILITY,domains.list,domains.list,2026-09-30 10:12:02.890236+00:00,fb76b822ac6030cfe8ced1c2
morningnewsonline.112.2o7.net,AVAILABILITY,domains.list,domains.list,2026-09-30 10:12:03.048636+00:00,fb76b822ac6030cfe8ced1c2
movitex.122.2o7.net,AVAILABILITY,domains.list,domains.list,2026-09-30 10:12:03.228024+00:00,fb76b822ac6030cfe8ced1c2
mpire.112.2o7.net,AVAILABILITY,domains.list,domains.list,2026-09-30 10:12:03.379102+00:00,fb76b822ac6030cfe8ced1c2
mseupwinxpfam.112.2o7.net,AVAILABILITY,domains.list,domains.list,2026-09-30 10:12:03.582313+00:00,fb76b822ac6030cfe8ced1c2
msna1com.112.2o7.net,AVAILABILITY,domains.list,domains.list,2026-09-30 10:12:03.744797+00:00,fb76b822ac6030cfe8ced1c2
msnaccountservices.112.2o7.net,AVAILABILITY,domains.list,domains.list,2026-09-30 10:12:03.952384+00:00,fb76b822ac6030cfe8ced1c2
msnbc.112.2o7.net,AVAILABILITY,domains.list,domains.list,2026-09-30 10:12:04.106743+00:00,fb76b822ac6030cfe8ced1c2
msnbcnewsvine.112.2o7.net,AVAILABILITY,domains.list,domains.list,2026-09-30 10:12:04.459603+00:00,fb76b822ac6030cfe8ced1c2
msnbcom.112.2o7.net,AVAILABILITY,domains.list,domains.list,2026-09-30 10:12:04.700618+00:00,fb76b822ac6030cfe8ced1c2
msneshopbase.112.2o7.net,AVAILABILITY,domains.list,domains.list,2026-09-30 10:12:05.079496+00:00,fb76b822ac6030cfe8ced1c2
msninvite.112.2o7.net,AVAILABILITY,domains.list,domains.list,2026-09-30 10:12:05.380591+00:00,fb76b822ac6030cfe8ced1c2
msninviteprod.112.2o7.net,AVAILABILITY,domains.list,domains.list,2026-09-30 10:12:05.584721+00:00,fb76b822ac6030cfe8ced1c2
msnlivefavorites.112.2o7.net,AVAILABILITY,domains.list,domains.list,2026-09-30 10:12:05.787119+00:00,fb76b822ac6030cfe8ced1c2
msnmercom.112.2o7.net,AVAILABILITY,domains.list,domains.list,2026-09-30 10:12:06.080834+00:00,fb76b822ac6030cfe8ced1c2
msnmercustacqprod.112.2o7.net,AVAILABILITY,domains.list,domains.list,2026-09-30 10:12:06.234127+00:00,fb76b822ac6030cfe8ced1c2
msnonecare.112.2o7.net,AVAILABILITY,domains.list,domains.list,2026-09-30 10:12:06.612498+00:00,fb76b822ac6030cfe8ced1c2
msnportal.112.2o7.net,AVAILABILITY,domains.list,domains.list,2026-09-30 10:12:06.762519+00:00,fb76b822ac6030cfe8ced1c2
msnportalaffiliate.112.2o7.net,AVAILABILITY,domains.list,domains.list,2026-09-30 10:12:06.916549+00:00,fb76b822ac6030cfe8ced1c2
msnportalaunews.112.2o7.net,AVAILABILITY,domains.list,domains.list,2026-09-30 10:12:07.273274+00:00,fb76b822ac6030cfe8ced1c2
msnportalbeetoffice2007.112.2o7.net,AVAILABILITY,domains.list,domains.list,2026-09-30 10:12:07.452167+00:00,fb76b822ac6030cfe8ced1c2
msnportalgame.112.2o7.net,AVAILABILITY,domains.list,domains.list,2026-09-30 10:12:07.661673+00:00,fb76b822ac6030cfe8ced1c2
msnportalhome.112.2o7.net,AVAILABILITY,domains.list,domains.list,2026-09-30 10:12:07.811147+00:00,fb76b822ac6030cfe8ced1c2
msnportallatino.112.2o7.net,AVAILABILITY,domains.list,domains.list,2026-09-30 10:12:07.963011+00:00,fb76b822ac6030cfe8ced1c2
msnportallive.112.2o7.net,AVAILABILITY,domains.list,domains.list,2026-09-30 10:12:08.115583+00:00,fb76b822ac6030cfe8ced1c2
msnportalmsgboardsrvc.112.2o7.net,AVAILABILITY,domains.list,domains.list,2026-09-30 10:12:08.271068+00:00,fb76b822ac6030cfe8ced1c2
msnportalprivacy.112.2o7.net,AVAILABILITY,domains.list,domains.list,2026-09-30 10:12:08.423757+00:00,fb76b822ac6030cfe8ced1c2
msnportalscp.112.2o7.net,AVAILABILITY,domains.list,domains.list,2026-09-30 10:12:08.575352+00:00,fb76b822ac6030cfe8ced1c2
msnportalvideo.112.2o7.net,AVAILABILITY,domains.list,domains.list,2026-09-30 10:12:08.725474+00:00,fb76b822ac6030cfe8ced1c2
msnservices.112.2o7.net,AVAILABILITY,domains.list,domains.list,2026-09-30 10:12:09.000061+00:00,fb76b822ac6030cfe8ced1c2
msntrademarketing.112.2o7.net,AVAILABILITY,domains.list,domains.list,2026-09-30 10:12:09.236628+00:00,fb76b822ac6030cfe8ced1c2
msnwinonecare.112.2o7.net,AVAILABILITY,domains.list,domains.list,2026-09-30 10:12:09.389564+00:00,fb76b822ac6030cfe8ced1c2
mssbcprod.112.2o7.net,AVAILABILITY,domains.list,domains.list,2026-09-30 10:12:09.601126+00:00,fb76b822ac6030cfe8ced1c2
msstonojstechnet.112.2o7.net,AVAILABILITY,domains.list,domains.list,2026-09-30 10:12:09.753285+00:00,fb76b822ac6030cfe8ced1c2
mswindowswolglobal.112.2o7.net,AVAILABILITY,domains.list,domains.list,2026-09-30 10:12:10.023014+00:00,fb76b822ac6030cfe8ced1c2
mswlspcmktdev.112.2o7.net,AVAILABILITY,domains.list,domains.list,2026-09-30 10:12:10.176575+00:00,fb76b822ac6030cfe8ced1c2
mswmwpapolloprod.122.2o7.net,AVAILABILITY,domains.list,domains.list,2026-09-30 10:12:10.418097+00:00,fb76b822ac6030cfe8ced1c2
mtvn.112.2o7.net,AVAILABILITY,domains.list,domains.list,2026-09-30 10:12:10.721558+00:00,fb76b822ac6030cfe8ced1c2
multiply.112.2o7.net,AVAILABILITY,domains.list,domains.list,2026-09-30 10:12:10.873024+00:00,fb76b822ac6030cfe8ced1c2
multiview.122.2o7.net,AVAILABILITY,domains.list,domains.list,2026-09-30 10:12:11.026175+00:00,fb76b822ac6030cfe8ced1c2
mun.122.2o7.net,AVAILABILITY,domains.list,domains.list,2026-09-30 10:12:11.175291+00:00,fb76b822ac6030cfe8ced1c2
mxmacromedia.112.2o7.net,AVAILABILITY,domains.list,domains.list,2026-09-30 10:12:11.328085+00:00,fb76b822ac6030cfe8ced1c2
nandomedia.112.2o7.net,AVAILABILITY,domains.list,domains.list,2026-09-30 10:12:11.663366+00:00,fb76b822ac6030cfe8ced1c2
nasdaq.122.2o7.net,AVAILABILITY,domains.list,domains.list,2026-09-30 10:12:11.811734+00:00,fb76b822ac6030cfe8ced1c2
natgeoedit.112.2o7.net,AVAILABILITY,domains.list,domains.list,2026-09-30 10:12:11.961727+00:00,fb76b822ac6030cfe8ced1c2
natgeoeditcom.112.2o7.net,AVAILABILITY,domains.list,domains.list,2026-09-30 10:12:12.114037+00:00,fb76b822ac6030cfe8ced1c2
natgeoglobal.112.2o7.net,AVAILABILITY,domains.list,domains.list,2026-09-30 10:12:12.262718+00:00,fb76b822ac6030cfe8ced1c2
natgeohomepage.112.2o7.net,AVAILABILITY,domains.list,domains.list,2026-09-30 10:12:12.463538+00:00,fb76b822ac6030cfe8ced1c2
natgeonavcom.112.2o7.net,AVAILABILITY,domains.list,domains.list,2026-09-30 10:12:12.666141+00:00,fb76b822ac6030cfe8ced1c2
natgeonews.112.2o7.net,AVAILABILITY,domains.list,domains.list,2026-09-30 10:12:12.818637+00:00,fb76b822ac6030cfe8ced1c2
natgeongkidsmagccom.112.2o7.net,AVAILABILITY,domains.list,domains.list,2026-09-30 10:12:13.023924+00:00,fb76b822ac6030cfe8ced1c2
natgeongmcom.112.2o7.net,AVAILABILITY,domains.list,domains.list,2026-09-30 10:12:13.260623+00:00,fb76b822ac6030cfe8ced1c2
natgeopeopleplaces.112.2o7.net,AVAILABILITY,domains.list,domains.list,2026-09-30 10:12:13.528453+00:00,fb76b822ac6030cfe8ced1c2
natgeophoto.112.2o7.net,AVAILABILITY,domains.list,domains.list,2026-09-30 10:12:13.741326+00:00,fb76b822ac6030cfe8ced1c2
natgeotravelermagcom.112.2o7.net,AVAILABILITY,domains.list,domains.list,2026-09-30 10:12:14.094344+00:00,fb76b822ac6030cfe8ced1c2
natgeovideo.112.2o7.net,AVAILABILITY,domains.list,domains.list,2026-09-30 10:12:14.311950+00:00,fb76b822ac6030cfe8ced1c2
nationalgeographic.112.2o7.net,AVAILABILITY,domains.list,domains.list,2026-09-30 10:12:14.553675+00:00,fb76b822ac6030cfe8ced1c2
nbagametimeprod.112.2o7.net,AVAILABILITY,domains.list,domains.list,2026-09-30 10:12:14.907498+00:00,fb76b822ac6030cfe8ced1c2
nbcuniversal.122.2o7.net,AVAILABILITY,domains.list,domains.list,2026-09-30 10:12:15.112756+00:00,fb76b822ac6030cfe8ced1c2
neber.112.2o7.net,AVAILABILITY,domains.list,domains.list,2026-09-30 10:12:15.317729+00:00,fb76b822ac6030cfe8ced1c2
nebnr.112.2o7.net,AVAILABILITY,domains.list,domains.list,2026-09-30 10:12:15.540100+00:00,fb76b822ac6030cfe8ced1c2
neccorp.112.2o7.net,AVAILABILITY,domains.list,domains.list,2026-09-30 10:12:15.694435+00:00,fb76b822ac6030cfe8ced1c2
neref.112.2o7.net,AVAILABILITY,domains.list,domains.list,2026-09-30 10:12:15.990809+00:00,fb76b822ac6030cfe8ced1c2
netgear.122.2o7.net,AVAILABILITY,domains.list,domains.list,2026-09-30 10:12:16.140647+00:00,fb76b822ac6030cfe8ced1c2
networksolutions.112.2o7.net,AVAILABILITY,domains.list,domains.list,2026-09-30 10:12:16.291579+00:00,fb76b822ac6030cfe8ced1c2
newcom.122.2o7.net,AVAILABILITY,domains.list,domains.list,2026-09-30 10:12:16.442353+00:00,fb76b822ac6030cfe8ced1c2
newlook.112.2o7.net,AVAILABILITY,domains.list,domains.list,2026-09-30 10:12:16.646606+00:00,fb76b822ac6030cfe8ced1c2
newsday.122.2o7.net,AVAILABILITY,domains.list,domains.list,2026-09-30 10:12:16.852189+00:00,fb76b822ac6030cfe8ced1c2
newsinteractive.112.2o7.net,AVAILABILITY,domains.list,domains.list,2026-09-30 10:12:17.063906+00:00,fb76b822ac6030cfe8ced1c2
newsinternational.122.2o7.net,AVAILABILITY,domains.list,domains.list,2026-09-30 10:12:17.229801+00:00,fb76b822ac6030cfe8ced1c2
newsok.112.2o7.net,AVAILABILITY,domains.list,domains.list,2026-09-30 10:12:17.468513+00:00,fb76b822ac6030cfe8ced1c2
newsquestdigitalmedia.122.2o7.net,AVAILABILITY,domains.list,domains.list,2026-09-30 10:12:17.683259+00:00,fb76b822ac6030cfe8ced1c2
newstimeslivecom.112.2o7.net,AVAILABILITY,domains.list,domains.list,2026-09-30 10:12:17.977765+00:00,fb76b822ac6030cfe8ced1c2
newyorkandcompany.112.2o7.net,AVAILABILITY,domains.list,domains.list,2026-09-30 10:12:18.140380+00:00,fb76b822ac6030cfe8ced1c2
newyorkmagazine.112.2o7.net,AVAILABILITY,domains.list,domains.list,2026-09-30 10:12:18.293809+00:00,fb76b822ac6030cfe8ced1c2
nhl.112.2o7.net,AVAILABILITY,domains.list,domains.list,2026-09-30 10:12:18.629093+00:00,fb76b822ac6030cfe8ced1c2
nielsen.112.2o7.net,AVAILABILITY,domains.list,domains.list,2026-09-30 10:12:18.778725+00:00,fb76b822ac6030cfe8ced1c2
nihonkogakuin.122.2o7.net,AVAILABILITY,domains.list,domains.list,2026-09-30 10:12:19.134556+00:00,fb76b822ac6030cfe8ced1c2
nikefootball.112.2o7.net,AVAILABILITY,domains.list,domains.list,2026-09-30 10:12:19.291464+00:00,fb76b822ac6030cfe8ced1c2
nikefootballglobal.112.2o7.net,AVAILABILITY,domains.list,domains.list,2026-09-30 10:12:19.530374+00:00,fb76b822ac6030cfe8ced1c2
nikegoddess.112.2o7.net,AVAILABILITY,domains.list,domains.list,2026-09-30 10:12:19.700714+00:00,fb76b822ac6030cfe8ced1c2
nikehome.112.2o7.net,AVAILABILITY,domains.list,domains.list,2026-09-30 10:12:20.001368+00:00,fb76b822ac6030cfe8ced1c2
nikerunning.112.2o7.net,AVAILABILITY,domains.list,domains.list,2026-09-30 10:12:20.150810+00:00,fb76b822ac6030cfe8ced1c2
nikerunningglobal.112.2o7.net,AVAILABILITY,domains.list,domains.list,2026-09-30 10:12:20.304046+00:00,fb76b822ac6030cfe8ced1c2
nikkei.112.2o7.net,AVAILABILITY,domains.list,domains.list,2026-09-30 10:12:20.634116+00:00,fb76b822ac6030cfe8ced1c2
nikonjp.112.2o7.net,AVAILABILITY,domains.list,domains.list,2026-09-30 10:12:20.842113+00:00,fb76b822ac6030cfe8ced1c2
nissaneurope.112.2o7.net,AVAILABILITY,domains.list,domains.list,2026-09-30 10:12:20.992713+00:00,fb76b822ac6030cfe8ced1c2
njmvc.112.2o7.net,AVAILABILITY,domains.list,domains.list,2026-09-30 10:12:21.145240+00:00,fb76b822ac6030cfe8ced1c2
nmanchorage.112.2o7.net,AVAILABILITY,domains.list,domains.list,2026-09-30 10:12:21.501844+00:00,fb76b822ac6030cfe8ced1c2
nmbakersfieldca.112.2o7.net,AVAILABILITY,domains.list,domains.list,2026-09-30 10:12:21.712736+00:00,fb76b822ac6030cfe8ced1c2
nmbeaufort.112.2o7.net,AVAILABILITY,domains.list,domains.list,2026-09-30 10:12:21.952275+00:00,fb76b822ac6030cfe8ced1c2
nmbelleville.112.2o7.net,AVAILABILITY,domains.list,domains.list,2026-09-30 10:12:22.187541+00:00,fb76b822ac6030cfe8ced1c2
nmbradenton.112.2o7.net,AVAILABILITY,domains.list,domains.list,2026-09-30 10:12:22.455775+00:00,fb76b822ac6030cfe8ced1c2
nmcharlotte.112.2o7.net,AVAILABILITY,domains.list,domains.list,2026-09-30 10:12:22.814429+00:00,fb76b822ac6030cfe8ced1c2
nmcolumbia.112.2o7.net,AVAILABILITY,domains.list,domains.list,2026-09-30 10:12:22.964250+00:00,fb76b822ac6030cfe8ced1c2
nmcomnancomedia.112.2o7.net,AVAILABILITY,domains.list,domains.list,2026-09-30 10:12:23.318330+00:00,fb76b822ac6030cfe8ced1c2
nmeprod.122.2o7.net,AVAILABILITY,domains.list,domains.list,2026-09-30 10:12:23.524186+00:00,fb76b822ac6030cfe8ced1c2
nmetrics.samsung.com,AVAILABILITY,domains.list,domains.list,2026-09-30 10:12:24.148590+00:00,fb76b822ac6030cfe8ced1c2
nmfortworth.112.2o7.net,AVAILABILITY,domains.list,domains.list,2026-09-30 10:12:24.363264+00:00,fb76b822ac6030cfe8ced1c2
nmfresno.112.2o7.net,AVAILABILITY,domains.list,domains.list,2026-09-30 10:12:24.514695+00:00,fb76b822ac6030cfe8ced1c2
nmhiltonhead.112.2o7.net,AVAILABILITY,domains.list,domains.list,2026-09-30 10:12:24.668689+00:00,fb76b822ac6030cfe8ced1c2
nmkansascity.112.2o7.net,AVAILABILITY,domains.list,domains.list,2026-09-30 10:12:24.820099+00:00,fb76b822ac6030cfe8ced1c2
nmlexington.112.2o7.net,AVAILABILITY,domains.list,domains.list,2026-09-30 10:12:24.970054+00:00,fb76b822ac6030cfe8ced1c2
nmmclatchy.112.2o7.net,AVAILABILITY,domains.list,domains.list,2026-09-30 10:12:25.208333+00:00,fb76b822ac6030cfe8ced1c2
nmmerced.112.2o7.net,AVAILABILITY,domains.list,domains.list,2026-09-30 10:12:25.450735+00:00,fb76b822ac6030cfe8ced1c2
nmmiami.112.2o7.net,AVAILABILITY,domains.list,domains.list,2026-09-30 10:12:25.601173+00:00,fb76b822ac6030cfe8ced1c2
nmminneapolis.112.2o7.net,AVAILABILITY,domains.list,domains.list,2026-09-30 10:12:25.899953+00:00,fb76b822ac6030cfe8ced1c2
nmmodesto.112.2o7.net,AVAILABILITY,domains.list,domains.list,2026-09-30 10:12:26.199124+00:00,fb76b822ac6030cfe8ced1c2
nmraleigh.112.2o7.net,AVAILABILITY,domains.list,domains.list,2026-09-30 10:12:26.445602+00:00,fb76b822ac6030cfe8ced1c2
nmrockhill.112.2o7.net,AVAILABILITY,domains.list,domains.list,2026-09-30 10:12:26.595081+00:00,fb76b822ac6030cfe8ced1c2
nmsacramento.112.2o7.net,AVAILABILITY,domains.list,domains.list,2026-09-30 10:12:26.919535+00:00,fb76b822ac6030cfe8ced1c2
nmsanluisobispo.112.2o7.net,AVAILABILITY,domains.list,domains.list,2026-09-30 10:12:27.216767+00:00,fb76b822ac6030cfe8ced1c2
nmstatecollege.112.2o7.net,AVAILABILITY,domains.list,domains.list,2026-09-30 10:12:27.452689+00:00,fb76b822ac6030cfe8ced1c2
nmtacoma.112.2o7.net,AVAILABILITY,domains.list,domains.list,2026-09-30 10:12:27.602735+00:00,fb76b822ac6030cfe8ced1c2
nmthatsracin.112.2o7.net,AVAILABILITY,domains.list,domains.list,2026-09-30 10:12:27.752829+00:00,fb76b822ac6030cfe8ced1c2
nortelcom.112.2o7.net,AVAILABILITY,domains.list,domains.list,2026-09-30 10:12:27.904943+00:00,fb76b822ac6030cfe8ced1c2
northjersey.112.2o7.net,AVAILABILITY,domains.list,domains.list,2026-09-30 10:12:28.118434+00:00,fb76b822ac6030cfe8ced1c2
northwestairlines.112.2o7.net,AVAILABILITY,domains.list,domains.list,2026-09-30 10:12:28.270942+00:00,fb76b822ac6030cfe8ced1c2
northwesternmutual.com.102.122.2o7.net,AVAILABILITY,domains.list,domains.list,2026-09-30 10:12:28.428299+00:00,fb76b822ac6030cfe8ced1c2
novell.112.2o7.net,AVAILABILITY,domains.list,domains.list,2026-09-30 10:12:28.723788+00:00,fb76b822ac6030cfe8ced1c2
novellcom.112.2o7.net,AVAILABILITY,domains.list,domains.list,2026-09-30 10:12:28.874596+00:00,fb76b822ac6030cfe8ced1c2
novonordiskas.112.2o7.net,AVAILABILITY,domains.list,domains.list,2026-09-30 10:12:29.093917+00:00,fb76b822ac6030cfe8ced1c2
ns-4.2o7.net,AVAILABILITY,domains.list,domains.list,2026-09-30 10:12:49.246239+00:00,fb76b822ac6030cfe8ced1c2
nsdldlese.112.2o7.net,AVAILABILITY,domains.list,domains.list,2026-09-30 10:12:49.527639+00:00,fb76b822ac6030cfe8ced1c2
nttcommunications.122.2o7.net,AVAILABILITY,domains.list,domains.list,2026-09-30 10:12:49.883773+00:00,fb76b822ac6030cfe8ced1c2
nutanixprod.112.2o7.net,AVAILABILITY,domains.list,domains.list,2026-09-30 10:12:50.040106+00:00,fb76b822ac6030cfe8ced1c2
nysun.com.112.2o7.net,AVAILABILITY,domains.list,domains.list,2026-09-30 10:12:50.194670+00:00,fb76b822ac6030cfe8ced1c2
nytbglobe.112.2o7.net,AVAILABILITY,domains.list,domains.list,2026-09-30 10:12:50.350007+00:00,fb76b822ac6030cfe8ced1c2
nytrflorence.112.2o7.net,AVAILABILITY,domains.list,domains.list,2026-09-30 10:12:50.710884+00:00,fb76b822ac6030cfe8ced1c2
nytrgainesville.112.2o7.net,AVAILABILITY,domains.list,domains.list,2026-09-30 10:12:50.919865+00:00,fb76b822ac6030cfe8ced1c2
nytrhendersonville.112.2o7.net,AVAILABILITY,domains.list,domains.list,2026-09-30 10:12:51.127102+00:00,fb76b822ac6030cfe8ced1c2
nytrlakeland.112.2o7.net,AVAILABILITY,domains.list,domains.list,2026-09-30 10:12:51.370954+00:00,fb76b822ac6030cfe8ced1c2
nytrlexington.112.2o7.net,AVAILABILITY,domains.list,domains.list,2026-09-30 10:12:51.612529+00:00,fb76b822ac6030cfe8ced1c2
nytrocala.112.2o7.net,AVAILABILITY,domains.list,domains.list,2026-09-30 10:12:51.816053+00:00,fb76b822ac6030cfe8ced1c2
nytrsantarosa.112.2o7.net,AVAILABILITY,domains.list,domains.list,2026-09-30 10:12:52.190459+00:00,fb76b822ac6030cfe8ced1c2
nytrsarasota.112.2o7.net,AVAILABILITY,domains.list,domains.list,2026-09-30 10:12:52.513956+00:00,fb76b822ac6030cfe8ced1c2
nytrthibodaux.112.2o7.net,AVAILABILITY,domains.list,domains.list,2026-09-30 10:12:52.870797+00:00,fb76b822ac6030cfe8ced1c2
nytrtuscaloosa.112.2o7.net,AVAILABILITY,domains.list,domains.list,2026-09-30 10:12:53.230691+00:00,fb76b822ac6030cfe8ced1c2
nytrwilmington.112.2o7.net,AVAILABILITY,domains.list,domains.list,2026-09-30 10:12:53.586858+00:00,fb76b822ac6030cfe8ced1c2
nytrwinterhaven.112.2o7.net,AVAILABILITY,domains.list,domains.list,2026-09-30 10:12:53.826403+00:00,fb76b822ac6030cfe8ced1c2
nytrworcester.112.2o7.net,AVAILABILITY,domains.list,domains.list,2026-09-30 10:12:53.981080+00:00,fb76b822ac6030cfe8ced1c2
nyttechnology.112.2o7.net,AVAILABILITY,domains.list,domains.list,2026-09-30 10:12:54.171145+00:00,fb76b822ac6030cfe8ced1c2
oberonincredig.112.2o7.net,AVAILABILITY,domains.list,domains.list,2026-09-30 10:12:54.323656+00:00,fb76b822ac6030cfe8ced1c2
oberoniplay.112.2o7.net,AVAILABILITY,domains.list,domains.list,2026-09-30 10:12:54.483999+00:00,fb76b822ac6030cfe8ced1c2
oklahomadepartmentofcommerce.112.2o7.net,AVAILABILITY,domains.list,domains.list,2026-09-30 10:12:54.695706+00:00,fb76b822ac6030cfe8ced1c2
olwmbhrp.122.2o7.net,AVAILABILITY,domains.list,domains.list,2026-09-30 10:12:54.847578+00:00,fb76b822ac6030cfe8ced1c2
omazeuceeazczprod.112.2o7.net,AVAILABILITY,domains.list,domains.list,2026-09-30 10:12:55.225994+00:00,fb76b822ac6030cfe8ced1c2
omniscbt.112.2o7.net,AVAILABILITY,domains.list,domains.list,2026-09-30 10:12:55.375573+00:00,fb76b822ac6030cfe8ced1c2
omniture.112.2o7.net,AVAILABILITY,domains.list,domains.list,2026-09-30 10:12:55.525333+00:00,fb76b822ac6030cfe8ced1c2
omniturebanners.112.2o7.net,AVAILABILITY,domains.list,domains.list,2026-09-30 10:12:55.685165+00:00,fb76b822ac6030cfe8ced1c2
omniturecom.112.2o7.net,AVAILABILITY,domains.list,domains.list,2026-09-30 10:12:55.888223+00:00,fb76b822ac6030cfe8ced1c2
omvisidtest1.112.2o7.net,AVAILABILITY,domains.list,domains.list,2026-09-30 10:12:56.272389+00:00,fb76b822ac6030cfe8ced1c2
onetoone.112.2o7.net,AVAILABILITY,domains.list,domains.list,2026-09-30 10:12:56.428551+00:00,fb76b822ac6030cfe8ced1c2
onlinegurupopularsitecom.112.2o7.net,AVAILABILITY,domains.list,domains.list,2026-09-30 10:12:56.670890+00:00,fb76b822ac6030cfe8ced1c2
oodpreprod.122.2o7.net,AVAILABILITY,domains.list,domains.list,2026-09-30 10:12:56.941120+00:00,fb76b822ac6030cfe8ced1c2
opinionlabcc.122.2o7.net,AVAILABILITY,domains.list,domains.list,2026-09-30 10:12:57.179541+00:00,fb76b822ac6030cfe8ced1c2
optimost.112.2o7.net,AVAILABILITY,domains.list,domains.list,2026-09-30 10:12:57.476290+00:00,fb76b822ac6030cfe8ced1c2
oracle.112.2o7.net,AVAILABILITY,domains.list,domains.list,2026-09-30 10:12:57.678296+00:00,fb76b822ac6030cfe8ced1c2
oraclecom.112.2o7.net,AVAILABILITY,domains.list,domains.list,2026-09-30 10:12:57.831874+00:00,fb76b822ac6030cfe8ced1c2
oracleglobal.112.2o7.net,AVAILABILITY,domains.list,domains.list,2026-09-30 10:12:58.071224+00:00,fb76b822ac6030cfe8ced1c2
orlandoinfocom.112.2o7.net,AVAILABILITY,domains.list,domains.list,2026-09-30 10:12:58.221678+00:00,fb76b822ac6030cfe8ced1c2
osiristrading.112.2o7.net,AVAILABILITY,domains.list,domains.list,2026-09-30 10:12:58.490799+00:00,fb76b822ac6030cfe8ced1c2
ottacknet.112.2o7.net,AVAILABILITY,domains.list,domains.list,2026-09-30 10:12:58.644281+00:00,fb76b822ac6030cfe8ced1c2
ottdailytidingscom.112.2o7.net,AVAILABILITY,domains.list,domains.list,2026-09-30 10:12:58.885028+00:00,fb76b822ac6030cfe8ced1c2
overstockcom.112.2o7.net,AVAILABILITY,domains.list,domains.list,2026-09-30 10:12:59.039466+00:00,fb76b822ac6030cfe8ced1c2
overturecom.112.2o7.net,AVAILABILITY,domains.list,domains.list,2026-09-30 10:12:59.247268+00:00,fb76b822ac6030cfe8ced1c2
overturecomvista.112.2o7.net,AVAILABILITY,domains.list,domains.list,2026-09-30 10:12:59.453079+00:00,fb76b822ac6030cfe8ced1c2
ozon.122.2o7.net,AVAILABILITY,domains.list,domains.list,2026-09-30 10:12:59.609058+00:00,fb76b822ac6030cfe8ced1c2
pacificlifereprod.112.2o7.net,AVAILABILITY,domains.list,domains.list,2026-09-30 10:12:59.760676+00:00,fb76b822ac6030cfe8ced1c2
pandasoftware.112.2o7.net,AVAILABILITY,domains.list,domains.list,2026-09-30 10:12:59.918098+00:00,fb76b822ac6030cfe8ced1c2
parade.122.2o7.net,AVAILABILITY,domains.list,domains.list,2026-09-30 10:13:00.221675+00:00,fb76b822ac6030cfe8ced1c2
parship.122.2o7.net,AVAILABILITY,domains.list,domains.list,2026-09-30 10:13:00.427520+00:00,fb76b822ac6030cfe8ced1c2
partygaming.122.2o7.net,AVAILABILITY,domains.list,domains.list,2026-09-30 10:13:00.727960+00:00,fb76b822ac6030cfe8ced1c2
partygamingglobal.122.2o7.net,AVAILABILITY,domains.list,domains.list,2026-09-30 10:13:00.973136+00:00,fb76b822ac6030cfe8ced1c2
patagonia.122.2o7.net,AVAILABILITY,domains.list,domains.list,2026-09-30 10:13:01.162398+00:00,fb76b822ac6030cfe8ced1c2
patrickhillery.112.2o7.net,AVAILABILITY,domains.list,domains.list,2026-09-30 10:13:01.316388+00:00,fb76b822ac6030cfe8ced1c2
paypal.112.2o7.net,AVAILABILITY,domains.list,domains.list,2026-09-30 10:13:01.675851+00:00,fb76b822ac6030cfe8ced1c2
pccomponenteses.112.2o7.net,AVAILABILITY,domains.list,domains.list,2026-09-30 10:13:02.027300+00:00,fb76b822ac6030cfe8ced1c2
pcconnectioncom.112.2o7.net,AVAILABILITY,domains.list,domains.list,2026-09-30 10:13:02.268731+00:00,fb76b822ac6030cfe8ced1c2
pch.122.2o7.net,AVAILABILITY,domains.list,domains.list,2026-09-30 10:13:02.422966+00:00,fb76b822ac6030cfe8ced1c2
pctoolscom.112.2o7.net,AVAILABILITY,domains.list,domains.list,2026-09-30 10:13:02.573093+00:00,fb76b822ac6030cfe8ced1c2
pcworldcommunication.122.2o7.net,AVAILABILITY,domains.list,domains.list,2026-09-30 10:13:02.934081+00:00,fb76b822ac6030cfe8ced1c2
pdrnetwork.112.2o7.net,AVAILABILITY,domains.list,domains.list,2026-09-30 10:13:03.086087+00:00,fb76b822ac6030cfe8ced1c2
pelmorexmedia.122.2o7.net,AVAILABILITY,domains.list,domains.list,2026-09-30 10:13:03.298714+00:00,fb76b822ac6030cfe8ced1c2
pennwellcorp.112.2o7.net,AVAILABILITY,domains.list,domains.list,2026-09-30 10:13:03.499937+00:00,fb76b822ac6030cfe8ced1c2
pentonmedia.122.2o7.net,AVAILABILITY,domains.list,domains.list,2026-09-30 10:13:03.709120+00:00,fb76b822ac6030cfe8ced1c2
petakfc.112.2o7.net,AVAILABILITY,domains.list,domains.list,2026-09-30 10:13:03.916796+00:00,fb76b822ac6030cfe8ced1c2
petamain.112.2o7.net,AVAILABILITY,domains.list,domains.list,2026-09-30 10:13:04.126250+00:00,fb76b822ac6030cfe8ced1c2
pfizer.112.2o7.net,AVAILABILITY,domains.list,domains.list,2026-09-30 10:13:04.336471+00:00,fb76b822ac6030cfe8ced1c2
pfizer.122.2o7.net,AVAILABILITY,domains.list,domains.list,2026-09-30 10:13:04.547483+00:00,fb76b822ac6030cfe8ced1c2
philips.112.2o7.net,AVAILABILITY,domains.list,domains.list,2026-09-30 10:13:04.814833+00:00,fb76b822ac6030cfe8ced1c2
phillipsvanheusen.122.2o7.net,AVAILABILITY,domains.list,domains.list,2026-09-30 10:13:04.965623+00:00,fb76b822ac6030cfe8ced1c2
phillyburbscom.112.2o7.net,AVAILABILITY,domains.list,domains.list,2026-09-30 10:13:05.206048+00:00,fb76b822ac6030cfe8ced1c2
phillycom.112.2o7.net,AVAILABILITY,domains.list,domains.list,2026-09-30 10:13:05.418928+00:00,fb76b822ac6030cfe8ced1c2
phillymedia.112.2o7.net,AVAILABILITY,domains.list,domains.list,2026-09-30 10:13:05.578320+00:00,fb76b822ac6030cfe8ced1c2
pittsburghpostgazette.112.2o7.net,AVAILABILITY,domains.list,domains.list,2026-09-30 10:13:05.737133+00:00,fb76b822ac6030cfe8ced1c2
planetout.122.2o7.net,AVAILABILITY,domains.list,domains.list,2026-09-30 10:13:05.892050+00:00,fb76b822ac6030cfe8ced1c2
pldev.112.2o7.net,AVAILABILITY,domains.list,domains.list,2026-09-30 10:13:06.133730+00:00,fb76b822ac6030cfe8ced1c2
plsoyfoods.112.2o7.net,AVAILABILITY,domains.list,domains.list,2026-09-30 10:13:06.292184+00:00,fb76b822ac6030cfe8ced1c2
poacprod.122.2o7.net,AVAILABILITY,domains.list,domains.list,2026-09-30 10:13:06.534778+00:00,fb76b822ac6030cfe8ced1c2
poconorecordcom.112.2o7.net,AVAILABILITY,domains.list,domains.list,2026-09-30 10:13:06.694748+00:00,fb76b822ac6030cfe8ced1c2
poloralphlaurenlotusstg.112.2o7.net,AVAILABILITY,domains.list,domains.list,2026-09-30 10:13:06.849540+00:00,fb76b822ac6030cfe8ced1c2
popcapgames.122.2o7.net,AVAILABILITY,domains.list,domains.list,2026-09-30 10:13:07.076258+00:00,fb76b822ac6030cfe8ced1c2
popsci.com.122.2o7.net,AVAILABILITY,domains.list,domains.list,2026-09-30 10:13:07.375637+00:00,fb76b822ac6030cfe8ced1c2
powellsbooks.122.2o7.net,AVAILABILITY,domains.list,domains.list,2026-09-30 10:13:07.645729+00:00,fb76b822ac6030cfe8ced1c2
poweronemedia.122.2o7.net,AVAILABILITY,domains.list,domains.list,2026-09-30 10:13:07.854385+00:00,fb76b822ac6030cfe8ced1c2
premiumtv.122.2o7.net,AVAILABILITY,domains.list,domains.list,2026-09-30 10:13:08.066958+00:00,fb76b822ac6030cfe8ced1c2
primediabusiness.122.2o7.net,AVAILABILITY,domains.list,domains.list,2026-09-30 10:13:08.257953+00:00,fb76b822ac6030cfe8ced1c2
primemensfitness.112.2o7.net,AVAILABILITY,domains.list,domains.list,2026-09-30 10:13:08.464218+00:00,fb76b822ac6030cfe8ced1c2
primestarmagazine.112.2o7.net,AVAILABILITY,domains.list,domains.list,2026-09-30 10:13:08.618541+00:00,fb76b822ac6030cfe8ced1c2
prisacom.112.2o7.net,AVAILABILITY,domains.list,domains.list,2026-09-30 10:13:08.770287+00:00,fb76b822ac6030cfe8ced1c2
prnewswire.122.2o7.net,AVAILABILITY,domains.list,domains.list,2026-09-30 10:13:09.073387+00:00,fb76b822ac6030cfe8ced1c2
ptvgoalv15.122.2o7.net,AVAILABILITY,domains.list,domains.list,2026-09-30 10:13:09.281960+00:00,fb76b822ac6030cfe8ced1c2
pulkauaiworld.112.2o7.net,AVAILABILITY,domains.list,domains.list,2026-09-30 10:13:09.524322+00:00,fb76b822ac6030cfe8ced1c2
pultheworldlink.112.2o7.net,AVAILABILITY,domains.list,domains.list,2026-09-30 10:13:09.680730+00:00,fb76b822ac6030cfe8ced1c2
puma.112.2o7.net,AVAILABILITY,domains.list,domains.list,2026-09-30 10:13:09.888387+00:00,fb76b822ac6030cfe8ced1c2
questdsgsupport.112.2o7.net,AVAILABILITY,domains.list,domains.list,2026-09-30 10:13:10.096020+00:00,fb76b822ac6030cfe8ced1c2
questiacom.112.2o7.net,AVAILABILITY,domains.list,domains.list,2026-09-30 10:13:10.250478+00:00,fb76b822ac6030cfe8ced1c2
questsoftware.112.2o7.net,AVAILABILITY,domains.list,domains.list,2026-09-30 10:13:10.400906+00:00,fb76b822ac6030cfe8ced1c2
qwestfull.112.2o7.net,AVAILABILITY,domains.list,domains.list,2026-09-30 10:13:10.553941+00:00,fb76b822ac6030cfe8ced1c2
rainbowmedia.122.2o7.net,AVAILABILITY,domains.list,domains.list,2026-09-30 10:13:10.705360+00:00,fb76b822ac6030cfe8ced1c2
rakuten.112.2o7.net,AVAILABILITY,domains.list,domains.list,2026-09-30 10:13:10.858088+00:00,fb76b822ac6030cfe8ced1c2
randmcnally.112.2o7.net,AVAILABILITY,domains.list,domains.list,2026-09-30 10:13:11.009123+00:00,fb76b822ac6030cfe8ced1c2
randomhouse.com.102.122.2o7.net,AVAILABILITY,domains.list,domains.list,2026-09-30 10:13:11.547168+00:00,fb76b822ac6030cfe8ced1c2
rcci.122.2o7.net,AVAILABILITY,domains.list,domains.list,2026-09-30 10:13:11.701174+00:00,fb76b822ac6030cfe8ced1c2
rcntelecom.112.2o7.net,AVAILABILITY,domains.list,domains.list,2026-09-30 10:13:11.858468+00:00,fb76b822ac6030cfe8ced1c2
reagroup.122.2o7.net,AVAILABILITY,domains.list,domains.list,2026-09-30 10:13:12.104004+00:00,fb76b822ac6030cfe8ced1c2
rebtelnetworks.112.2o7.net,AVAILABILITY,domains.list,domains.list,2026-09-30 10:13:12.316442+00:00,fb76b822ac6030cfe8ced1c2
recordeaglecom.112.2o7.net,AVAILABILITY,domains.list,domains.list,2026-09-30 10:13:12.480214+00:00,fb76b822ac6030cfe8ced1c2
recordnetcom.112.2o7.net,AVAILABILITY,domains.list,domains.list,2026-09-30 10:13:12.688269+00:00,fb76b822ac6030cfe8ced1c2
recordonlinecom.112.2o7.net,AVAILABILITY,domains.list,domains.list,2026-09-30 10:13:12.843482+00:00,fb76b822ac6030cfe8ced1c2
recruit.112.2o7.net,AVAILABILITY,domains.list,domains.list,2026-09-30 10:13:12.995664+00:00,fb76b822ac6030cfe8ced1c2
registercom.122.2o7.net,AVAILABILITY,domains.list,domains.list,2026-09-30 10:13:13.289086+00:00,fb76b822ac6030cfe8ced1c2
remodelingonlinecom.112.2o7.net,AVAILABILITY,domains.list,domains.list,2026-09-30 10:13:13.444170+00:00,fb76b822ac6030cfe8ced1c2
renfeprod.112.2o7.net,AVAILABILITY,domains.list,domains.list,2026-09-30 10:13:13.682030+00:00,fb76b822ac6030cfe8ced1c2
rentcom.112.2o7.net,AVAILABILITY,domains.list,domains.list,2026-09-30 10:13:13.922539+00:00,fb76b822ac6030cfe8ced1c2
restoredchurchofgod.112.2o7.net,AVAILABILITY,domains.list,domains.list,2026-09-30 10:13:14.083612+00:00,fb76b822ac6030cfe8ced1c2
reunioncom.112.2o7.net,AVAILABILITY,domains.list,domains.list,2026-09-30 10:13:14.235743+00:00,fb76b822ac6030cfe8ced1c2
ringcentral.112.2o7.net,AVAILABILITY,domains.list,domains.list,2026-09-30 10:13:14.394120+00:00,fb76b822ac6030cfe8ced1c2
ringierag.112.2o7.net,AVAILABILITY,domains.list,domains.list,2026-09-30 10:13:14.601620+00:00,fb76b822ac6030cfe8ced1c2
riptownmedia.122.2o7.net,AVAILABILITY,domains.list,domains.list,2026-09-30 10:13:14.841675+00:00,fb76b822ac6030cfe8ced1c2
riverdeep.112.2o7.net,AVAILABILITY,domains.list,domains.list,2026-09-30 10:13:15.141268+00:00,fb76b822ac6030cfe8ced1c2
rmgparcelforcecom.112.2o7.net,AVAILABILITY,domains.list,domains.list,2026-09-30 10:13:15.439184+00:00,fb76b822ac6030cfe8ced1c2
rmgroyalmailcom.112.2o7.net,AVAILABILITY,domains.list,domains.list,2026-09-30 10:13:15.660749+00:00,fb76b822ac6030cfe8ced1c2
rrpartners.122.2o7.net,AVAILABILITY,domains.list,domains.list,2026-09-30 10:13:15.813230+00:00,fb76b822ac6030cfe8ced1c2
rtst.122.2o7.net,AVAILABILITY,domains.list,domains.list,2026-09-30 10:13:16.025133+00:00,fb76b822ac6030cfe8ced1c2
rubrikincproduction.112.2o7.net,AVAILABILITY,domains.list,domains.list,2026-09-30 10:13:16.266923+00:00,fb76b822ac6030cfe8ced1c2
rwhgrosewoodhotelsprod.112.2o7.net,AVAILABILITY,domains.list,domains.list,2026-09-30 10:13:16.418286+00:00,fb76b822ac6030cfe8ced1c2
sa.aol.com.122.2o7.net,AVAILABILITY,domains.list,domains.list,2026-09-30 10:13:16.697380+00:00,fb76b822ac6030cfe8ced1c2
sadbmetrics.abc.es,AVAILABILITY,domains.list,domains.list,2026-09-30 10:13:17.571869+00:00,fb76b822ac6030cfe8ced1c2
sadbmetrics.diariosur.es,AVAILABILITY,domains.list,domains.list,2026-09-30 10:13:17.892863+00:00,fb76b822ac6030cfe8ced1c2
sadbmetrics.diariovasco.com,AVAILABILITY,domains.list,domains.list,2026-09-30 10:13:18.564154+00:00,fb76b822ac6030cfe8ced1c2
sadbmetrics.elcomercio.es,AVAILABILITY,domains.list,domains.list,2026-09-30 10:13:38.858633+00:00,fb76b822ac6030cfe8ced1c2
sadbmetrics.elcorreo.com,AVAILABILITY,domains.list,domains.list,2026-09-30 10:14:51.468931+00:00,fb76b822ac6030cfe8ced1c2
sadbmetrics.larioja.com,AVAILABILITY,domains.list,domains.list,2026-09-30 10:14:52.224177+00:00,fb76b822ac6030cfe8ced1c2
sadbmetrics.lasprovincias.es,AVAILABILITY,domains.list,domains.list,2026-09-30 10:14:55.584789+00:00,fb76b822ac6030cfe8ced1c2
sadbmetrics.laverdad.es,AVAILABILITY,domains.list,domains.list,2026-09-30 10:14:57.974181+00:00,fb76b822ac6030cfe8ced1c2
sadobeanalytics.medline.com,AVAILABILITY,domains.list,domains.list,2026-09-30 10:14:58.609641+00:00,fb76b822ac6030cfe8ced1c2
sadobemetrics.dr.dk,AVAILABILITY,domains.list,domains.list,2026-09-30 10:14:59.469128+00:00,fb76b822ac6030cfe8ced1c2
safaribooks.112.2o7.net,AVAILABILITY,domains.list,domains.list,2026-09-30 10:14:59.759136+00:00,fb76b822ac6030cfe8ced1c2
saksfifthavenue.122.2o7.net,AVAILABILITY,domains.list,domains.list,2026-09-30 10:15:00.062709+00:00,fb76b822ac6030cfe8ced1c2
salesforce.122.2o7.net,AVAILABILITY,domains.list,domains.list,2026-09-30 10:15:00.278770+00:00,fb76b822ac6030cfe8ced1c2
salliemaecom.112.2o7.net,AVAILABILITY,domains.list,domains.list,2026-09-30 10:15:00.436700+00:00,fb76b822ac6030cfe8ced1c2
samsclub.112.2o7.net,AVAILABILITY,domains.list,domains.list,2026-09-30 10:15:00.588134+00:00,fb76b822ac6030cfe8ced1c2
sanalytics.autozone.com,AVAILABILITY,domains.list,domains.list,2026-09-30 10:15:01.287055+00:00,fb76b822ac6030cfe8ced1c2
sanalytics.boingtv.fr,AVAILABILITY,domains.list,domains.list,2026-09-30 10:15:01.784363+00:00,fb76b822ac6030cfe8ced1c2
sanalytics.boomerangtv.de,AVAILABILITY,domains.list,domains.list,2026-09-30 10:15:02.649895+00:00,fb76b822ac6030cfe8ced1c2
sanalytics.boomerangtv.fr,AVAILABILITY,domains.list,domains.list,2026-09-30 10:15:03.409491+00:00,fb76b822ac6030cfe8ced1c2
sanalytics.boomerangtv.it,AVAILABILITY,domains.list,domains.list,2026-09-30 10:15:03.894654+00:00,fb76b822ac6030cfe8ced1c2
sanalytics.box.com,AVAILABILITY,domains.list,domains.list,2026-09-30 10:15:04.461014+00:00,fb76b822ac6030cfe8ced1c2
sanalytics.cartoonnetwork.bg,AVAILABILITY,domains.list,domains.list,2026-09-30 10:15:05.234477+00:00,fb76b822ac6030cfe8ced1c2
sanalytics.cartoonnetwork.com.ar,AVAILABILITY,domains.list,domains.list,2026-09-30 10:15:06.020938+00:00,fb76b822ac6030cfe8ced1c2
sanalytics.cartoonnetwork.com.br,AVAILABILITY,domains.list,domains.list,2026-09-30 10:15:06.384116+00:00,fb76b822ac6030cfe8ced1c2
sanalytics.cartoonnetwork.de,AVAILABILITY,domains.list,domains.list,2026-09-30 10:15:07.298894+00:00,fb76b822ac6030cfe8ced1c2
sanalytics.cartoonnetwork.hu,AVAILABILITY,domains.list,domains.list,2026-09-30 10:15:08.186524+00:00,fb76b822ac6030cfe8ced1c2
sanalytics.cartoonnetwork.nl,AVAILABILITY,domains.list,domains.list,2026-09-30 10:15:08.731541+00:00,fb76b822ac6030cfe8ced1c2
sanalytics.cartoonnetwork.no,AVAILABILITY,domains.list,domains.list,2026-09-30 10:15:09.426835+00:00,fb76b822ac6030cfe8ced1c2
sanalytics.cartoonnetwork.pt,AVAILABILITY,domains.list,domains.list,2026-09-30 10:15:10.380005+00:00,fb76b822ac6030cfe8ced1c2
sanalytics.cartoonnetwork.se,AVAILABILITY,domains.list,domains.list,2026-09-30 10:15:11.160866+00:00,fb76b822ac6030cfe8ced1c2
sanalytics.cartoonnetworkasia.com,AVAILABILITY,domains.list,domains.list,2026-09-30 10:15:11.516348+00:00,fb76b822ac6030cfe8ced1c2
sanalytics.cartoonnetworkhq.com,AVAILABILITY,domains.list,domains.list,2026-09-30 10:15:11.843593+00:00,fb76b822ac6030cfe8ced1c2
sanalytics.cartoonnetworkla.com,AVAILABILITY,domains.list,domains.list,2026-09-30 10:15:12.433484+00:00,fb76b822ac6030cfe8ced1c2
sanalytics.cnnchile.com,AVAILABILITY,domains.list,domains.list,2026-09-30 10:15:32.935463+00:00,fb76b822ac6030cfe8ced1c2
sanalytics.disneyplus.com,AVAILABILITY,domains.list,domains.list,2026-09-30 10:15:33.466334+00:00,fb76b822ac6030cfe8ced1c2
sanalytics.enterprise.spectrum.com,AVAILABILITY,domains.list,domains.list,2026-09-30 10:15:33.935217+00:00,fb76b822ac6030cfe8ced1c2
sanalytics.ewz.ch,AVAILABILITY,domains.list,domains.list,2026-09-30 10:15:34.540451+00:00,fb76b822ac6030cfe8ced1c2
sanalytics.express.de,AVAILABILITY,domains.list,domains.list,2026-09-30 10:15:35.010448+00:00,fb76b822ac6030cfe8ced1c2
sanalytics.hallmark.com,AVAILABILITY,domains.list,domains.list,2026-09-30 10:15:35.869957+00:00,fb76b822ac6030cfe8ced1c2
sanalytics.hottopic.com,AVAILABILITY,domains.list,domains.list,2026-09-30 10:15:37.504147+00:00,fb76b822ac6030cfe8ced1c2
sanalytics.securebanklogin.com,AVAILABILITY,domains.list,domains.list,2026-09-30 10:15:38.854969+00:00,fb76b822ac6030cfe8ced1c2
sanalytics.spark.co.nz,AVAILABILITY,domains.list,domains.list,2026-09-30 10:15:39.799806+00:00,fb76b822ac6030cfe8ced1c2
sanalytics.tntdrama.com,AVAILABILITY,domains.list,domains.list,2026-09-30 10:15:40.885096+00:00,fb76b822ac6030cfe8ced1c2
sanalytics.tntsports.com,AVAILABILITY,domains.list,domains.list,2026-09-30 10:15:41.686694+00:00,fb76b822ac6030cfe8ced1c2
sanalytics.verizon.com,AVAILABILITY,domains.list,domains.list,2026-09-30 10:15:42.235632+00:00,fb76b822ac6030cfe8ced1c2
sanalytics.verizonenterprise.com,AVAILABILITY,domains.list,domains.list,2026-09-30 10:15:44.435017+00:00,fb76b822ac6030cfe8ced1c2
sanalytics.verizonwireless.com,AVAILABILITY,domains.list,domains.list,2026-09-30 10:15:44.939582+00:00,fb76b822ac6030cfe8ced1c2
sanfordcorporation.112.2o7.net,AVAILABILITY,domains.list,domains.list,2026-09-30 10:15:45.105069+00:00,fb76b822ac6030cfe8ced1c2
santacruzsentinelcom.112.2o7.net,AVAILABILITY,domains.list,domains.list,2026-09-30 10:15:45.259235+00:00,fb76b822ac6030cfe8ced1c2
saxobutlereagle.122.2o7.net,AVAILABILITY,domains.list,domains.list,2026-09-30 10:15:45.495738+00:00,fb76b822ac6030cfe8ced1c2
saxoconcordmonitor.122.2o7.net,AVAILABILITY,domains.list,domains.list,2026-09-30 10:15:45.649030+00:00,fb76b822ac6030cfe8ced1c2
saxoeverett.122.2o7.net,AVAILABILITY,domains.list,domains.list,2026-09-30 10:15:45.892085+00:00,fb76b822ac6030cfe8ced1c2
saxofosters.122.2o7.net,AVAILABILITY,domains.list,domains.list,2026-09-30 10:15:46.184936+00:00,fb76b822ac6030cfe8ced1c2
saxogoerie.122.2o7.net,AVAILABILITY,domains.list,domains.list,2026-09-30 10:15:46.341546+00:00,fb76b822ac6030cfe8ced1c2
saxogreensboro.122.2o7.net,AVAILABILITY,domains.list,domains.list,2026-09-30 10:15:46.496548+00:00,fb76b822ac6030cfe8ced1c2
saxoorklamedia.122.2o7.net,AVAILABILITY,domains.list,domains.list,2026-09-30 10:15:46.653054+00:00,fb76b822ac6030cfe8ced1c2
saxopeninsuladailynews.122.2o7.net,AVAILABILITY,domains.list,domains.list,2026-09-30 10:15:47.044092+00:00,fb76b822ac6030cfe8ced1c2
saxorutland.122.2o7.net,AVAILABILITY,domains.list,domains.list,2026-09-30 10:15:47.296923+00:00,fb76b822ac6030cfe8ced1c2
saxosumteritem.122.2o7.net,AVAILABILITY,domains.list,domains.list,2026-09-30 10:15:47.564993+00:00,fb76b822ac6030cfe8ced1c2
saxotech.122.2o7.net,AVAILABILITY,domains.list,domains.list,2026-09-30 10:15:47.805819+00:00,fb76b822ac6030cfe8ced1c2
saxotechtylerpaper.122.2o7.net,AVAILABILITY,domains.list,domains.list,2026-09-30 10:15:48.018840+00:00,fb76b822ac6030cfe8ced1c2
saxotelegraph.122.2o7.net,AVAILABILITY,domains.list,domains.list,2026-09-30 10:15:48.225375+00:00,fb76b822ac6030cfe8ced1c2
saxotoledo.122.2o7.net,AVAILABILITY,domains.list,domains.list,2026-09-30 10:15:48.466003+00:00,fb76b822ac6030cfe8ced1c2
saxounionleader.112.2o7.net,AVAILABILITY,domains.list,domains.list,2026-09-30 10:15:48.621353+00:00,fb76b822ac6030cfe8ced1c2
saxowatertowndailytimes.122.2o7.net,AVAILABILITY,domains.list,domains.list,2026-09-30 10:15:48.773140+00:00,fb76b822ac6030cfe8ced1c2
saxowenworld.122.2o7.net,AVAILABILITY,domains.list,domains.list,2026-09-30 10:15:48.925153+00:00,fb76b822ac6030cfe8ced1c2
saxowesterncommunications.122.2o7.net,AVAILABILITY,domains.list,domains.list,2026-09-30 10:15:49.079277+00:00,fb76b822ac6030cfe8ced1c2
sbsblukgov.112.2o7.net,AVAILABILITY,domains.list,domains.list,2026-09-30 10:15:49.231385+00:00,fb76b822ac6030cfe8ced1c2
schaeffers.112.2o7.net,AVAILABILITY,domains.list,domains.list,2026-09-30 10:15:49.387282+00:00,fb76b822ac6030cfe8ced1c2
sciamcom.112.2o7.net,AVAILABILITY,domains.list,domains.list,2026-09-30 10:15:49.602290+00:00,fb76b822ac6030cfe8ced1c2
scmetrics.shell.com,AVAILABILITY,domains.list,domains.list,2026-09-30 10:15:49.891289+00:00,fb76b822ac6030cfe8ced1c2
scottrade.112.2o7.net,AVAILABILITY,domains.list,domains.list,2026-09-30 10:15:50.176175+00:00,fb76b822ac6030cfe8ced1c2
scrippsdiy.112.2o7.net,AVAILABILITY,domains.list,domains.list,2026-09-30 10:15:50.383617+00:00,fb76b822ac6030cfe8ced1c2
scrippsfineliving.112.2o7.net,AVAILABILITY,domains.list,domains.list,2026-09-30 10:15:50.534890+00:00,fb76b822ac6030cfe8ced1c2
scrippsfoodnet.112.2o7.net,AVAILABILITY,domains.list,domains.list,2026-09-30 10:15:50.691484+00:00,fb76b822ac6030cfe8ced1c2
scrippsfoodnetnew.112.2o7.net,AVAILABILITY,domains.list,domains.list,2026-09-30 10:15:50.842986+00:00,fb76b822ac6030cfe8ced1c2
scrippsfrontdoor.112.2o7.net,AVAILABILITY,domains.list,domains.list,2026-09-30 10:15:51.002595+00:00,fb76b822ac6030cfe8ced1c2
scrippsgac.112.2o7.net,AVAILABILITY,domains.list,domains.list,2026-09-30 10:15:51.156521+00:00,fb76b822ac6030cfe8ced1c2
scrippshgtv.112.2o7.net,AVAILABILITY,domains.list,domains.list,2026-09-30 10:15:51.311572+00:00,fb76b822ac6030cfe8ced1c2
scrippshgtvpro.112.2o7.net,AVAILABILITY,domains.list,domains.list,2026-09-30 10:15:51.670398+00:00,fb76b822ac6030cfe8ced1c2
scrippsrecipezaar.112.2o7.net,AVAILABILITY,domains.list,domains.list,2026-09-30 10:15:51.972879+00:00,fb76b822ac6030cfe8ced1c2
scsmetrics.vodafone.it,AVAILABILITY,domains.list,domains.list,2026-09-30 10:15:52.341919+00:00,fb76b822ac6030cfe8ced1c2
seacoastonlinecom.112.2o7.net,AVAILABILITY,domains.list,domains.list,2026-09-30 10:15:52.701994+00:00,fb76b822ac6030cfe8ced1c2
sears.112.2o7.net,AVAILABILITY,domains.list,domains.list,2026-09-30 10:15:52.860395+00:00,fb76b822ac6030cfe8ced1c2
searscom.112.2o7.net,AVAILABILITY,domains.list,domains.list,2026-09-30 10:15:54.713778+00:00,fb76b822ac6030cfe8ced1c2
searshomeservices.112.2o7.net,AVAILABILITY,domains.list,domains.list,2026-09-30 10:15:54.921688+00:00,fb76b822ac6030cfe8ced1c2
searskmartcom.112.2o7.net,AVAILABILITY,domains.list,domains.list,2026-09-30 10:15:55.274812+00:00,fb76b822ac6030cfe8ced1c2
secure.analytics.ihg.com,AVAILABILITY,domains.list,domains.list,2026-09-30 10:15:56.015384+00:00,fb76b822ac6030cfe8ced1c2
secureanalytics.avis.de,AVAILABILITY,domains.list,domains.list,2026-09-30 10:15:56.432387+00:00,fb76b822ac6030cfe8ced1c2
secureanalytics.avis.es,AVAILABILITY,domains.list,domains.list,2026-09-30 10:15:56.784777+00:00,fb76b822ac6030cfe8ced1c2
secureanalytics.avisautonoleggio.it,AVAILABILITY,domains.list,domains.list,2026-09-30 10:15:57.542824+00:00,fb76b822ac6030cfe8ced1c2
securemetrics.apple.com,AVAILABILITY,domains.list,domains.list,2026-09-30 10:15:58.126817+00:00,fb76b822ac6030cfe8ced1c2
securemetrics.blackrock.com,AVAILABILITY,domains.list,domains.list,2026-09-30 10:15:59.336022+00:00,fb76b822ac6030cfe8ced1c2
securemetrics.gap.com,AVAILABILITY,domains.list,domains.list,2026-09-30 10:16:00.335272+00:00,fb76b822ac6030cfe8ced1c2
securemetrics.gapcanada.ca,AVAILABILITY,domains.list,domains.list,2026-09-30 10:16:00.659744+00:00,fb76b822ac6030cfe8ced1c2
securemetrics.gapfactory.com,AVAILABILITY,domains.list,domains.list,2026-09-30 10:16:01.060788+00:00,fb76b822ac6030cfe8ced1c2
senshukai.122.2o7.net,AVAILABILITY,domains.list,domains.list,2026-09-30 10:16:01.390938+00:00,fb76b822ac6030cfe8ced1c2
sento.122.2o7.net,AVAILABILITY,domains.list,domains.list,2026-09-30 10:16:01.609229+00:00,fb76b822ac6030cfe8ced1c2
sevenoneintermedia.112.2o7.net,AVAILABILITY,domains.list,domains.list,2026-09-30 10:16:01.761004+00:00,fb76b822ac6030cfe8ced1c2
shawnewspapers.112.2o7.net,AVAILABILITY,domains.list,domains.list,2026-09-30 10:16:03.399977+00:00,fb76b822ac6030cfe8ced1c2
shopping.112.2o7.net,AVAILABILITY,domains.list,domains.list,2026-09-30 10:16:03.695244+00:00,fb76b822ac6030cfe8ced1c2
siriuscontenttest.112.2o7.net,AVAILABILITY,domains.list,domains.list,2026-09-30 10:16:03.848326+00:00,fb76b822ac6030cfe8ced1c2
sitespectdata.112.2o7.net,AVAILABILITY,domains.list,domains.list,2026-09-30 10:16:03.999272+00:00,fb76b822ac6030cfe8ced1c2
sixapart.112.2o7.net,AVAILABILITY,domains.list,domains.list,2026-09-30 10:16:04.230768+00:00,fb76b822ac6030cfe8ced1c2
sjremetrics.java.com,AVAILABILITY,domains.list,domains.list,2026-09-30 10:16:05.855548+00:00,fb76b822ac6030cfe8ced1c2
skinmedica.122.2o7.net,AVAILABILITY,domains.list,domains.list,2026-09-30 10:16:06.154476+00:00,fb76b822ac6030cfe8ced1c2
skyauction.122.2o7.net,AVAILABILITY,domains.list,domains.list,2026-09-30 10:16:06.364950+00:00,fb76b822ac6030cfe8ced1c2
slbbbcom.112.2o7.net,AVAILABILITY,domains.list,domains.list,2026-09-30 10:16:06.542550+00:00,fb76b822ac6030cfe8ced1c2
sltravelcom.112.2o7.net,AVAILABILITY,domains.list,domains.list,2026-09-30 10:16:06.952936+00:00,fb76b822ac6030cfe8ced1c2
smartmoney.112.2o7.net,AVAILABILITY,domains.list,domains.list,2026-09-30 10:16:07.158604+00:00,fb76b822ac6030cfe8ced1c2
smetrics-ieeexplore.ieee.org,AVAILABILITY,domains.list,domains.list,2026-09-30 10:16:07.583925+00:00,fb76b822ac6030cfe8ced1c2
smetrics.3m.com,AVAILABILITY,domains.list,domains.list,2026-09-30 10:16:07.834863+00:00,fb76b822ac6030cfe8ced1c2
smetrics.aa.com,AVAILABILITY,domains.list,domains.list,2026-09-30 10:16:08.414324+00:00,fb76b822ac6030cfe8ced1c2
smetrics.aaas.org,AVAILABILITY,domains.list,domains.list,2026-09-30 10:16:10.162100+00:00,fb76b822ac6030cfe8ced1c2
smetrics.aarp.org,AVAILABILITY,domains.list,domains.list,2026-09-30 10:16:10.716303+00:00,fb76b822ac6030cfe8ced1c2
smetrics.abanca.com,AVAILABILITY,domains.list,domains.list,2026-09-30 10:16:11.628290+00:00,fb76b822ac6030cfe8ced1c2
smetrics.abbvie.com,AVAILABILITY,domains.list,domains.list,2026-09-30 10:16:12.193490+00:00,fb76b822ac6030cfe8ced1c2
smetrics.abercrombie.com,AVAILABILITY,domains.list,domains.list,2026-09-30 10:16:13.028845+00:00,fb76b822ac6030cfe8ced1c2
smetrics.adt.com,AVAILABILITY,domains.list,domains.list,2026-09-30 10:16:13.861954+00:00,fb76b822ac6030cfe8ced1c2
smetrics.aem.playstation.com,AVAILABILITY,domains.list,domains.list,2026-09-30 10:16:14.216339+00:00,fb76b822ac6030cfe8ced1c2
smetrics.aia.com,AVAILABILITY,domains.list,domains.list,2026-09-30 10:16:15.236592+00:00,fb76b822ac6030cfe8ced1c2
smetrics.amplifon.com,AVAILABILITY,domains.list,domains.list,2026-09-30 10:16:15.890043+00:00,fb76b822ac6030cfe8ced1c2
smetrics.amway.sg,AVAILABILITY,domains.list,domains.list,2026-09-30 10:16:16.345484+00:00,fb76b822ac6030cfe8ced1c2
smetrics.ancestry.com,AVAILABILITY,domains.list,domains.list,2026-09-30 10:16:16.797497+00:00,fb76b822ac6030cfe8ced1c2
smetrics.anntaylor.com,AVAILABILITY,domains.list,domains.list,2026-09-30 10:16:17.397620+00:00,fb76b822ac6030cfe8ced1c2
smetrics.ansible.com,AVAILABILITY,domains.list,domains.list,2026-09-30 10:16:18.051830+00:00,fb76b822ac6030cfe8ced1c2
smetrics.antena3.com,AVAILABILITY,domains.list,domains.list,2026-09-30 10:16:18.787017+00:00,fb76b822ac6030cfe8ced1c2
smetrics.as.com,AVAILABILITY,domains.list,domains.list,2026-09-30 10:16:19.227701+00:00,fb76b822ac6030cfe8ced1c2
smetrics.ascentric.co.uk,AVAILABILITY,domains.list,domains.list,2026-09-30 10:16:19.720311+00:00,fb76b822ac6030cfe8ced1c2
smetrics.atresplayer.com,AVAILABILITY,domains.list,domains.list,2026-09-30 10:16:20.281355+00:00,fb76b822ac6030cfe8ced1c2
smetrics.autodesk.com,AVAILABILITY,domains.list,domains.list,2026-09-30 10:16:20.755757+00:00,fb76b822ac6030cfe8ced1c2
smetrics.autotrader.com,AVAILABILITY,domains.list,domains.list,2026-09-30 10:16:21.170556+00:00,fb76b822ac6030cfe8ced1c2
smetrics.avalara.com,AVAILABILITY,domains.list,domains.list,2026-09-30 10:16:22.024376+00:00,fb76b822ac6030cfe8ced1c2
smetrics.avnet.com,AVAILABILITY,domains.list,domains.list,2026-09-30 10:16:22.485232+00:00,fb76b822ac6030cfe8ced1c2
smetrics.bancsabadell.com,AVAILABILITY,domains.list,domains.list,2026-09-30 10:16:23.343346+00:00,fb76b822ac6030cfe8ced1c2
smetrics.bankofamerica.com,AVAILABILITY,domains.list,domains.list,2026-09-30 10:16:24.039977+00:00,fb76b822ac6030cfe8ced1c2
smetrics.bankwest.com.au,AVAILABILITY,domains.list,domains.list,2026-09-30 10:16:24.404492+00:00,fb76b822ac6030cfe8ced1c2
smetrics.bbb.org,AVAILABILITY,domains.list,domains.list,2026-09-30 10:16:24.959926+00:00,fb76b822ac6030cfe8ced1c2
smetrics.bbva.es,AVAILABILITY,domains.list,domains.list,2026-09-30 10:16:25.338553+00:00,fb76b822ac6030cfe8ced1c2
smetrics.bbva.mx,AVAILABILITY,domains.list,domains.list,2026-09-30 10:16:25.904203+00:00,fb76b822ac6030cfe8ced1c2
smetrics.bcbsm.com,AVAILABILITY,domains.list,domains.list,2026-09-30 10:16:26.628335+00:00,fb76b822ac6030cfe8ced1c2
smetrics.bedbathandbeyond.com,AVAILABILITY,domains.list,domains.list,2026-09-30 10:16:27.161540+00:00,fb76b822ac6030cfe8ced1c2
smetrics.bestbuy.com,AVAILABILITY,domains.list,domains.list,2026-09-30 10:16:27.577342+00:00,fb76b822ac6030cfe8ced1c2
smetrics.binge.com.au,AVAILABILITY,domains.list,domains.list,2026-09-30 10:16:27.915539+00:00,fb76b822ac6030cfe8ced1c2
smetrics.bmc.com,AVAILABILITY,domains.list,domains.list,2026-09-30 10:16:28.668707+00:00,fb76b822ac6030cfe8ced1c2
smetrics.bmo.com,AVAILABILITY,domains.list,domains.list,2026-09-30 10:16:29.502296+00:00,fb76b822ac6030cfe8ced1c2
smetrics.bncollege.com,AVAILABILITY,domains.list,domains.list,2026-09-30 10:16:30.196844+00:00,fb76b822ac6030cfe8ced1c2
smetrics.boehringer-ingelheim.com,AVAILABILITY,domains.list,domains.list,2026-09-30 10:16:30.545392+00:00,fb76b822ac6030cfe8ced1c2
smetrics.boehringer-ingelheim.ro,AVAILABILITY,domains.list,domains.list,2026-09-30 10:16:30.999833+00:00,fb76b822ac6030cfe8ced1c2
smetrics.boozallen.com,AVAILABILITY,domains.list,domains.list,2026-09-30 10:16:31.474792+00:00,fb76b822ac6030cfe8ced1c2
smetrics.boss.info,AVAILABILITY,domains.list,domains.list,2026-09-30 10:16:32.269632+00:00,fb76b822ac6030cfe8ced1c2
smetrics.bottegaverde.it,AVAILABILITY,domains.list,domains.list,2026-09-30 10:16:33.440200+00:00,fb76b822ac6030cfe8ced1c2
smetrics.brookdale.com,AVAILABILITY,domains.list,domains.list,2026-09-30 10:16:34.122527+00:00,fb76b822ac6030cfe8ced1c2
smetrics.bt.com,AVAILABILITY,domains.list,domains.list,2026-09-30 10:16:34.919109+00:00,fb76b822ac6030cfe8ced1c2
smetrics.caesars.com,AVAILABILITY,domains.list,domains.list,2026-09-30 10:16:35.522667+00:00,fb76b822ac6030cfe8ced1c2
smetrics.capitalone.com,AVAILABILITY,domains.list,domains.list,2026-09-30 10:16:36.008187+00:00,fb76b822ac6030cfe8ced1c2
smetrics.carfax.com,AVAILABILITY,domains.list,domains.list,2026-09-30 10:16:36.468726+00:00,fb76b822ac6030cfe8ced1c2
smetrics.carnival.com,AVAILABILITY,domains.list,domains.list,2026-09-30 10:16:37.108291+00:00,fb76b822ac6030cfe8ced1c2
