{
    "counter": {
        "ACTIVE": 1992,
        "INACTIVE": 1,
        "INVALID": 0,
        "MALICIOUS": 0,
        "SANE": 0,
        "VALID": 0,
        "total": 1993
    },
    "percentage": {
        "ACTIVE": 99.94982438534872,
        "INACTIVE": 0.050175614651279475,
        "INVALID": 0.0,
        "MALICIOUS": 0.0,
        "SANE": 0.0,
        "VALID": 0.0,
        "total": 100.0
    }
}