{
    "counter": {
        "ACTIVE": 1990,
        "INACTIVE": 1,
        "INVALID": 0,
        "MALICIOUS": 0,
        "SANE": 0,
        "VALID": 0,
        "total": 1991
    },
    "percentage": {
        "ACTIVE": 99.94977398292315,
        "INACTIVE": 0.050226017076845805,
        "INVALID": 0.0,
        "MALICIOUS": 0.0,
        "SANE": 0.0,
        "VALID": 0.0,
        "total": 100.0
    }
}